Rk,Player,Pos,Age,Tm,G,MP,PER,TS%,3PAr,FTr,ORB%,DRB%,TRB%,AST%,STL%,BLK%,TOV%,USG%,Unnamed: 19,OWS,DWS,WS,WS/48,Unnamed: 24,OBPM,DBPM,BPM,VORP
1,Mark Acres,C,27,ORL,80,1691,8.3,0.536,0.013999999999999999,0.42100000000000004,9.3,17.8,13.4,5.0,1.0,0.8,17.2,9.4,,1.1,0.6,1.6,0.047,,-3.1,-0.6,-3.7,-0.7
2,Michael Adams,PG,27,DEN,79,2690,15.4,0.542,0.43700000000000006,0.317,1.8,7.3,4.4,23.3,2.0,0.1,11.1,18.5,,4.4,2.5,6.9,0.124,,1.8,-0.1,1.8,2.6
3,Mark Aguirre,SF,30,DET,78,2005,15.8,0.544,0.10400000000000001,0.28300000000000003,6.7,10.6,8.7,11.6,0.9,0.6,10.7,24.3,,3.1,2.5,5.7,0.136,,1.0,0.0,1.0,1.5
4,Danny Ainge,PG,30,SAC,75,2727,16.1,0.528,0.25,0.231,2.9,10.6,6.8,25.5,2.1,0.4,12.7,23.0,,2.7,2.1,4.8,0.085,,1.2,-0.1,1.1,2.1
5,Mark Alarie,PF,26,WSB,82,1893,14.1,0.51,0.062,0.16899999999999998,8.5,12.8,10.7,10.5,1.5,1.2,10.7,20.4,,1.5,1.6,3.1,0.079,,-0.6,-0.7,-1.3,0.3
6,Steve Alford,PG,25,DAL,41,302,18.7,0.544,0.159,0.268,0.8,8.5,4.7,21.2,2.5,0.6,9.4,24.7,,0.6,0.3,0.9,0.14400000000000002,,1.2,0.4,1.6,0.3
7,Randy Allen,SG,25,SAC,63,746,8.4,0.456,0.028999999999999998,0.18,7.5,13.4,10.5,4.4,1.1,1.5,9.8,16.5,,-0.3,0.6,0.2,0.013999999999999999,,-4.2,-0.9,-5.2,-0.6
8,Greg Anderson,PF,25,MIL,60,1291,13.0,0.522,0.0,0.39399999999999996,9.8,23.6,16.6,2.7,1.2,2.6,13.6,19.1,,0.2,1.7,2.0,0.073,,-2.8,-0.9,-3.8,-0.6
9,Nick Anderson,SG,22,ORL,81,1785,14.9,0.536,0.023,0.35100000000000003,6.1,12.7,9.3,10.5,1.8,1.0,13.7,22.1,,1.2,0.7,1.8,0.049,,0.0,-1.0,-1.0,0.5
10,Richard Anderson,PF,29,CHH,54,604,13.3,0.522,0.474,0.109,5.9,18.8,11.9,13.4,1.6,0.9,10.5,17.4,,0.4,0.5,1.0,0.077,,0.6,0.2,0.7,0.4
11,Ron Anderson,SF,31,PHI,78,2089,13.9,0.499,0.025,0.23399999999999999,4.4,11.5,8.0,10.0,1.7,0.4,7.8,20.4,,2.0,1.7,3.8,0.086,,-0.8,-0.5,-1.4,0.3
12,Willie Anderson,SG,23,SAS,82,2788,15.2,0.532,0.024,0.268,4.8,10.1,7.5,19.6,1.9,1.3,14.1,20.9,,2.8,3.7,6.5,0.111,,0.5,0.9,1.3,2.4
13,Michael Ansley,SF,22,ORL,72,1221,17.3,0.5539999999999999,0.0,0.488,15.7,15.6,15.6,4.8,0.9,0.8,8.1,19.7,,3.0,0.3,3.3,0.129,,1.2,-2.5,-1.3,0.2
14,B.J. Armstrong,PG,22,CHI,81,1291,11.9,0.53,0.015,0.19899999999999998,1.7,7.6,4.7,20.7,1.8,0.3,16.3,16.9,,1.0,0.8,1.7,0.064,,-1.7,-1.1,-2.8,-0.3
15,John Bagley,PG,29,BOS,54,1095,10.8,0.489,0.083,0.179,2.8,6.0,4.5,33.3,1.8,0.2,27.7,12.5,,0.3,0.8,1.1,0.047,,-1.0,-0.6,-1.6,0.1
16,Thurl Bailey,SF,28,UTA,82,2583,13.4,0.527,0.008,0.292,5.6,12.5,9.3,8.1,0.6,2.4,11.2,21.0,,1.7,2.8,4.6,0.085,,-0.6,-0.6,-1.2,0.5
17,Ken Bannister,PF,29,LAC,52,589,7.6,0.49200000000000005,0.006,0.6829999999999999,7.7,14.0,10.9,4.3,1.4,0.7,17.4,18.0,,-0.5,0.5,0.1,0.005,,-4.8,-1.1,-5.9,-0.6
18,Charles Barkley,SF,26,PHI,79,3085,27.1,0.6609999999999999,0.078,0.632,13.4,20.0,16.7,15.6,2.4,1.0,13.9,24.0,,13.1,4.2,17.3,0.26899999999999996,,7.2,1.0,8.2,8.0
19,Dana Barros,PG,22,SEA,81,1630,12.8,0.49700000000000005,0.322,0.149,2.4,7.3,4.7,18.3,1.6,0.0,13.5,23.3,,1.1,0.7,1.8,0.053,,0.8,-1.4,-0.6,0.6
20,John Battle,SG,27,ATL,60,1477,12.6,0.542,0.024,0.248,2.1,5.8,3.9,15.3,0.9,0.1,12.9,19.7,,1.7,0.0,1.7,0.055,,-0.8,-2.3,-3.1,-0.4
21,Kenny Battle,SG,25,PHO,59,729,12.2,0.5870000000000001,0.024,0.48200000000000004,7.1,11.3,9.3,6.8,2.3,0.9,13.4,13.5,,1.0,1.0,1.9,0.127,,-1.2,1.2,0.0,0.4
22,William Bedford,C,26,DET,42,246,9.5,0.43799999999999994,0.048,0.17600000000000002,7.0,19.8,13.4,2.6,0.6,4.4,13.5,27.2,,-0.5,0.5,-0.1,-0.016,,-6.6,0.2,-6.4,-0.3
23,Benoit Benjamin,C,25,LAC,71,2313,16.7,0.578,0.001,0.467,7.8,24.4,16.2,10.1,1.2,4.8,18.4,18.4,,1.7,3.7,5.4,0.113,,-0.5,2.1,1.6,2.1
24,Winston Bennett,SF,24,CLE,55,990,10.0,0.515,0.0,0.336,9.4,11.9,10.6,8.1,1.2,0.6,15.9,17.1,,0.2,0.9,1.1,0.055,,-3.4,-0.8,-4.2,-0.6
25,Larry Bird,SF,33,BOS,75,2944,21.9,0.546,0.129,0.226,3.6,22.2,13.4,28.9,1.8,1.2,12.7,27.4,,5.3,4.1,9.5,0.154,,4.1,1.2,5.3,5.5
26,Uwe Blab,C,27,TOT,47,531,3.3,0.429,0.0,0.37799999999999995,6.1,15.2,10.9,5.8,0.1,2.3,23.4,11.3,,-0.6,0.2,-0.4,-0.039,,-6.4,-1.0,-7.4,-0.7
27,Rolando Blackman,SG,30,DAL,80,2934,17.0,0.552,0.034,0.271,3.5,7.3,5.4,16.3,1.3,0.4,11.0,23.6,,4.6,2.2,6.8,0.111,,1.6,-0.6,0.9,2.2
28,Mookie Blaylock,PG,22,NJN,50,1267,11.5,0.41600000000000004,0.14,0.142,3.3,8.8,5.9,26.2,3.1,0.7,15.5,22.8,,-1.6,1.3,-0.3,-0.011000000000000001,,-2.4,0.4,-2.0,0.0
29,Muggsy Bogues,PG,25,CHH,81,2743,16.9,0.528,0.039,0.20199999999999999,1.9,7.0,4.3,44.6,3.0,0.1,16.8,13.5,,4.6,2.1,6.7,0.11699999999999999,,1.5,0.7,2.2,2.9
30,Manute Bol,C,27,GSW,75,1310,7.2,0.38299999999999995,0.284,0.29,2.8,18.8,11.2,3.3,0.4,10.0,21.1,7.4,,-1.4,1.4,0.0,0.001,,-4.6,3.3,-1.2,0.3
31,Anthony Bowie,SG,26,HOU,66,918,8.8,0.44799999999999995,0.07200000000000001,0.184,4.2,9.3,6.8,13.9,2.2,0.3,15.7,16.6,,-0.6,1.3,0.7,0.037000000000000005,,-3.5,0.9,-2.5,-0.1
32,Sam Bowie,C,28,NJN,68,2207,16.2,0.499,0.037000000000000005,0.45399999999999996,9.3,24.9,16.6,6.4,0.8,3.3,11.1,20.5,,1.9,2.8,4.7,0.10300000000000001,,-0.7,-0.4,-1.1,0.5
33,Adrian Branch,SF,26,MIN,11,91,16.9,0.46,0.016,0.361,9.9,16.9,13.2,8.8,3.5,0.0,10.2,38.1,,-0.1,0.1,0.0,0.013999999999999999,,-0.9,-1.1,-2.0,0.0
34,Randy Breuer,C,29,TOT,81,1879,13.0,0.462,0.001,0.27699999999999997,9.3,17.4,13.1,8.3,1.2,3.7,10.9,20.3,,-0.2,2.2,2.0,0.051,,-2.2,-0.1,-2.3,-0.2
35,Frank Brickowski,C,30,SAS,78,1438,13.3,0.5760000000000001,0.005,0.364,7.2,18.1,12.8,10.3,2.2,1.6,17.2,15.6,,1.3,2.5,3.8,0.126,,-1.7,1.9,0.2,0.8
36,Scott Brooks,PG,24,PHI,72,975,14.2,0.53,0.28600000000000003,0.207,1.8,5.7,3.7,28.5,2.4,0.0,11.2,14.7,,1.9,0.7,2.7,0.131,,0.5,0.5,0.9,0.7
37,Chucky Brown,SF,21,CLE,75,1339,11.9,0.525,0.016,0.36700000000000005,6.9,12.5,9.7,5.7,1.2,1.2,11.7,19.0,,0.9,1.3,2.2,0.078,,-3.0,-0.6,-3.6,-0.6
38,Mike Brown,C,26,UTA,82,1397,12.8,0.593,0.006,0.578,10.0,20.7,15.7,4.7,1.1,1.2,16.9,16.2,,1.7,2.0,3.7,0.128,,-1.7,-0.2,-1.9,0.1
39,Raymond Brown,PF,24,UTA,16,56,-0.9,0.27699999999999997,0.0,0.071,22.4,9.8,15.7,10.3,0.0,0.0,17.2,27.2,,-0.3,0.0,-0.2,-0.2,,-10.8,-6.2,-17.0,-0.2
40,Tony Brown,SF,29,MIL,61,635,8.2,0.475,0.09699999999999999,0.272,6.9,6.1,6.5,9.0,2.5,0.4,18.1,18.6,,-0.5,0.5,0.0,0.0,,-3.9,-0.5,-4.4,-0.4
41,Stanley Brundy,SF,22,NJN,16,128,10.1,0.488,0.0,0.6,11.7,9.8,10.8,3.4,2.3,2.3,13.7,13.8,,0.0,0.1,0.2,0.057,,-3.6,0.6,-3.1,0.0
42,Mark Bryant,PF,24,POR,58,562,9.1,0.48,0.0,0.327,10.3,18.0,14.1,3.0,1.5,1.0,12.5,14.0,,0.2,0.9,1.0,0.08800000000000001,,-3.5,0.5,-3.1,-0.2
43,Torgeir Bryn,C,25,LAC,3,10,9.1,0.431,0.0,3.0,0.0,22.6,11.4,0.0,9.7,6.0,17.7,23.6,,0.0,0.0,0.0,0.065,,-13.3,7.3,-6.0,0.0
44,Steve Bucknall,SG,23,LAL,18,75,0.0,0.32299999999999995,0.03,0.182,7.9,2.9,5.3,17.9,1.3,0.8,23.6,26.6,,-0.4,0.0,-0.3,-0.19899999999999998,,-9.7,-3.6,-13.3,-0.2
45,Greg Butler,C,23,NYK,13,33,-4.9,0.233,0.0,0.16699999999999998,10.4,19.6,15.1,3.9,0.0,0.0,18.9,20.0,,-0.2,0.0,-0.1,-0.20600000000000002,,-13.6,-4.7,-18.3,-0.1
46,Michael Cage,C,28,SEA,82,2595,14.5,0.54,0.0,0.32899999999999996,13.3,24.2,18.6,3.6,1.5,1.1,11.3,13.4,,3.9,2.8,6.8,0.125,,0.7,-0.7,0.0,1.3
47,Adrian Caldwell,PF,23,HOU,51,331,9.5,0.5489999999999999,0.0,0.368,11.7,22.9,17.4,2.8,1.6,3.2,26.6,14.8,,-0.3,0.7,0.4,0.061,,-5.3,1.4,-4.0,-0.2
48,Tony Campbell,SG,27,MIN,82,3164,17.1,0.52,0.034,0.36,7.5,9.8,8.5,12.4,1.8,0.6,12.1,29.0,,2.8,2.5,5.3,0.081,,1.6,-1.3,0.3,1.8
49,Rick Carlisle,SG,30,NJN,5,21,-9.2,0.14300000000000002,0.429,0.0,0.0,0.0,0.0,31.6,2.3,2.8,36.4,21.0,,-0.2,0.0,-0.2,-0.344,,-15.1,-1.3,-16.4,-0.1
50,Antoine Carr,PF,28,TOT,77,1727,16.4,0.557,0.01,0.413,7.5,13.8,10.6,10.8,0.9,2.4,12.8,24.2,,2.4,1.1,3.5,0.09699999999999999,,0.0,-0.7,-0.6,0.6
51,Joe Barry Carroll,C,31,TOT,76,1721,12.6,0.455,0.003,0.233,7.7,20.3,13.6,8.2,1.3,3.9,14.5,22.6,,-1.7,2.4,0.7,0.019,,-3.2,0.3,-2.9,-0.4
52,Bill Cartwright,C,32,CHI,71,2160,12.8,0.562,0.0,0.46799999999999997,7.5,18.0,12.7,8.9,0.9,1.0,14.6,16.7,,2.8,1.7,4.5,0.1,,-1.3,-1.2,-2.5,-0.3
53,Terry Catledge,PF,26,ORL,74,2462,15.0,0.525,0.006999999999999999,0.42200000000000004,11.3,12.9,12.1,4.5,0.7,0.4,11.7,24.6,,2.4,0.1,2.5,0.049,,-0.1,-3.3,-3.4,-0.9
54,Tom Chambers,PF,30,PHO,81,3046,20.9,0.579,0.053,0.4,4.7,15.2,10.3,10.0,1.4,0.9,10.3,28.8,,7.5,3.7,11.2,0.17600000000000002,,2.7,-0.3,2.3,3.3
55,Rex Chapman,SG,22,CHH,54,1762,11.9,0.469,0.154,0.20800000000000002,3.2,8.7,5.8,12.2,1.3,0.2,9.0,26.8,,-1.4,0.7,-0.7,-0.018000000000000002,,-1.6,-2.1,-3.7,-0.8
56,Maurice Cheeks,PG,33,TOT,81,2519,14.9,0.565,0.026000000000000002,0.332,2.3,8.2,5.3,24.3,2.4,0.2,14.8,13.5,,4.2,2.9,7.1,0.135,,0.7,1.2,1.9,2.5
57,Derrick Chievous,SF,22,TOT,55,591,13.3,0.545,0.040999999999999995,0.505,6.4,9.8,8.1,7.6,2.1,0.5,14.3,21.8,,0.4,0.8,1.2,0.096,,-1.8,0.1,-1.7,0.0
58,Ben Coleman,PF,28,MIL,22,305,12.2,0.5479999999999999,0.01,0.423,11.5,21.4,16.4,5.6,1.1,1.4,18.4,19.4,,0.1,0.4,0.5,0.079,,-3.2,-1.0,-4.1,-0.2
59,Steve Colter,PG,27,WSB,73,977,15.9,0.5329999999999999,0.017,0.32,6.0,13.5,9.7,19.9,2.3,0.6,10.1,15.8,,1.7,1.0,2.7,0.134,,0.2,1.3,1.5,0.9
60,Lester Conner,PG,30,NJN,82,2355,12.8,0.486,0.023,0.373,3.8,8.4,6.0,23.3,3.5,0.2,17.1,13.7,,1.1,2.6,3.7,0.075,,-2.2,1.7,-0.5,0.9
61,Michael Cooper,SG,33,LAL,80,1851,9.6,0.48200000000000004,0.318,0.191,3.8,10.0,7.0,15.3,1.8,1.1,14.6,14.4,,0.7,2.0,2.7,0.07,,-1.7,1.0,-0.7,0.6
62,Wayne Cooper,C,33,POR,79,1176,10.6,0.469,0.01,0.128,10.7,20.7,15.7,4.8,0.7,4.9,10.8,12.0,,0.6,2.1,2.7,0.11199999999999999,,-3.0,2.0,-1.0,0.3
63,Lanard Copeland,SG,24,PHI,23,110,10.0,0.499,0.07400000000000001,0.20600000000000002,4.2,6.1,5.2,14.0,0.5,0.6,20.4,35.9,,-0.3,0.0,-0.2,-0.109,,-5.3,-5.0,-10.4,-0.2
64,Tyrone Corbin,SF,27,MIN,82,3011,15.9,0.512,0.01,0.193,8.2,16.4,12.0,12.0,3.1,0.9,10.9,19.3,,2.8,4.0,6.8,0.10800000000000001,,-0.1,1.0,0.9,2.2
65,Dave Corzine,C,33,ORL,6,79,3.2,0.368,0.0,0.069,9.1,15.2,12.0,3.5,1.2,0.0,21.1,18.7,,-0.2,0.0,-0.2,-0.139,,-6.9,-2.6,-9.5,-0.1
66,Pat Cummings,C,33,MIA,37,391,10.5,0.499,0.0,0.233,7.6,19.1,13.1,5.0,1.5,0.6,15.4,21.4,,-0.3,0.4,0.1,0.017,,-4.0,-0.9,-5.0,-0.3
67,Terry Cummings,PF,28,SAS,81,2821,19.6,0.527,0.039,0.287,9.3,17.5,13.5,12.9,1.9,1.1,10.5,28.3,,4.3,4.4,8.7,0.149,,1.8,-0.1,1.7,2.7
68,Dell Curry,SG,25,CHH,67,1860,15.9,0.517,0.14800000000000002,0.105,1.8,8.9,5.1,14.7,2.6,0.8,8.8,26.0,,0.4,1.5,1.8,0.048,,0.5,0.4,0.9,1.4
69,Quintin Dailey,SG,29,SEA,30,491,10.0,0.45899999999999996,0.021,0.275,4.1,8.2,6.1,10.3,1.2,0.0,11.2,25.8,,-0.1,0.2,0.1,0.012,,-3.6,-1.4,-5.0,-0.4
70,Adrian Dantley,SF,34,DAL,45,1300,15.4,0.556,0.004,0.525,6.9,8.1,7.5,9.6,0.8,0.3,11.2,22.6,,2.2,0.8,3.1,0.113,,0.9,-1.4,-0.4,0.5
71,Brad Daugherty,C,24,CLE,41,1438,16.0,0.5429999999999999,0.004,0.564,5.9,23.3,14.5,14.2,1.0,0.9,14.8,22.4,,1.2,1.9,3.1,0.10400000000000001,,-0.6,-0.3,-0.8,0.4
72,Brad Davis,PG,34,DAL,73,1292,13.7,0.575,0.285,0.27399999999999997,1.1,7.0,4.1,27.6,1.8,0.4,17.4,16.8,,1.8,1.1,2.9,0.109,,-0.4,0.2,-0.1,0.6
73,Charles Davis,SF,31,CHI,53,429,6.7,0.402,0.158,0.051,6.9,15.5,11.1,5.6,1.2,1.2,11.0,18.1,,-0.5,0.3,-0.2,-0.017,,-5.1,-2.3,-7.4,-0.6
74,Terry Davis,PF,22,MIA,63,884,9.0,0.496,0.004,0.332,11.2,17.7,14.3,3.9,1.3,1.9,18.5,16.8,,-0.4,0.9,0.5,0.028999999999999998,,-5.1,-0.5,-5.7,-0.8
75,Walter Davis,SG,35,DEN,69,1635,18.3,0.5329999999999999,0.045,0.22,2.8,9.1,5.7,14.9,1.6,0.3,8.3,29.6,,2.1,1.5,3.6,0.105,,1.4,-0.6,0.8,1.1
76,Johnny Dawkins,PG,26,PHI,81,2865,16.0,0.5489999999999999,0.069,0.257,1.9,7.8,4.9,29.7,2.1,0.2,16.8,18.8,,4.2,2.2,6.4,0.107,,1.3,-0.5,0.8,2.0
77,Vinny Del Negro,SG,23,SAC,76,1858,12.6,0.52,0.05,0.24100000000000002,2.4,9.6,6.0,19.9,1.7,0.3,13.5,19.1,,1.0,1.2,2.2,0.057,,-1.8,-0.3,-2.1,-0.1
78,Byron Dinkins,PG,22,HOU,33,362,10.9,0.47100000000000003,0.083,0.275,3.9,7.7,5.8,27.3,2.5,0.3,23.2,17.8,,-0.2,0.5,0.3,0.043,,-2.3,0.4,-1.9,0.0
79,Vlade Divac,C,21,LAL,82,1611,17.5,0.544,0.009000000000000001,0.39299999999999996,12.3,23.7,18.2,6.7,2.4,4.2,14.6,20.0,,1.7,3.2,5.0,0.14800000000000002,,-1.0,1.7,0.7,1.1
80,James Donaldson,C,32,DAL,73,2265,12.2,0.581,0.0,0.445,7.9,23.4,15.8,3.6,0.5,1.3,17.2,13.4,,1.7,2.8,4.5,0.094,,-1.0,-0.4,-1.5,0.3
81,Sherman Douglas,PG,23,MIA,81,2470,17.0,0.534,0.033,0.348,3.0,6.3,4.6,37.4,2.8,0.2,18.5,21.7,,2.3,2.1,4.4,0.086,,1.4,0.0,1.4,2.1
82,Terry Dozier,SF,23,CHH,9,92,5.1,0.36,0.037000000000000005,0.29600000000000004,8.2,10.5,9.3,4.5,3.2,1.3,18.7,17.4,,-0.3,0.1,-0.2,-0.084,,-6.4,-0.1,-6.5,-0.1
83,Greg Dreiling,C,27,IND,49,307,6.0,0.478,0.0,0.642,8.4,24.0,16.6,3.3,0.6,2.7,21.8,12.3,,-0.1,0.3,0.2,0.027999999999999997,,-6.0,0.1,-5.9,-0.3
84,Larry Drew,PG,31,LAL,80,1333,10.2,0.511,0.21100000000000002,0.157,1.1,7.1,4.2,22.1,1.8,0.2,18.8,16.2,,0.3,1.1,1.4,0.05,,-1.6,-0.2,-1.8,0.1
85,Clyde Drexler,SG,27,POR,73,2683,22.2,0.551,0.078,0.317,8.3,12.3,10.3,24.8,2.5,1.2,11.0,25.5,,7.3,4.3,11.6,0.20800000000000002,,5.2,2.1,7.3,6.3
86,Kevin Duckworth,C,25,POR,82,2462,13.3,0.517,0.0,0.272,8.0,14.6,11.2,5.5,0.7,0.8,11.8,23.2,,1.8,2.9,4.8,0.09300000000000001,,-1.3,-1.0,-2.3,-0.2
87,Chris Dudley,PF,24,TOT,64,1356,9.5,0.402,0.0,0.513,13.5,20.8,17.0,4.1,1.5,3.2,16.2,16.0,,-1.8,1.9,0.2,0.005,,-4.7,-0.3,-5.0,-1.0
88,Joe Dumars,SG,26,DET,75,2578,17.2,0.555,0.052000000000000005,0.312,2.7,6.7,4.7,22.2,1.2,0.0,10.8,22.5,,5.8,3.0,8.7,0.162,,1.9,0.3,2.2,2.7
89,Mike Dunleavy,PG,35,MIL,5,43,5.1,0.485,0.643,0.5710000000000001,0.0,5.4,2.7,30.6,1.1,0.0,31.3,24.9,,-0.1,0.0,-0.1,-0.09,,-4.9,-4.2,-9.1,-0.1
90,T.R. Dunn,SF,34,DEN,65,657,9.8,0.499,0.021,0.402,8.4,13.9,11.0,7.5,2.8,0.4,14.3,7.9,,0.5,0.9,1.4,0.10099999999999999,,-2.3,1.6,-0.7,0.2
91,Ledell Eackles,SG,23,WSB,78,1696,14.3,0.496,0.063,0.298,4.7,6.5,5.6,16.2,1.4,0.1,11.9,29.1,,0.2,0.8,1.0,0.028999999999999998,,-0.8,-2.4,-3.2,-0.5
92,Mark Eaton,C,33,UTA,82,2281,10.6,0.561,0.0,0.39299999999999996,9.4,20.8,15.4,2.2,0.7,5.5,17.6,8.2,,1.4,3.9,5.3,0.11199999999999999,,-1.7,2.1,0.4,1.4
93,Blue Edwards,SF,24,UTA,82,1889,10.7,0.556,0.053,0.36,4.6,10.6,7.8,11.2,2.0,1.2,18.9,18.6,,0.2,2.4,2.7,0.068,,-3.0,0.7,-2.3,-0.1
94,James Edwards,C,34,DET,82,2283,13.3,0.5489999999999999,0.003,0.381,5.6,11.6,8.6,4.3,0.5,1.0,10.9,22.9,,2.7,2.9,5.6,0.11699999999999999,,-1.6,-0.2,-1.7,0.1
95,Jay Edwards,SG,21,LAC,4,26,7.8,0.42100000000000004,0.28600000000000003,0.429,4.5,4.3,4.4,21.3,1.9,0.0,10.7,15.0,,0.0,0.0,0.0,0.022000000000000002,,-3.3,-0.8,-4.0,0.0
96,Kevin Edwards,SG,24,MIA,78,2211,11.6,0.451,0.031,0.191,3.7,10.6,7.0,16.8,2.7,0.9,14.8,22.2,,-2.0,2.3,0.3,0.005,,-2.5,0.5,-2.1,0.0
97,Craig Ehlo,SG,28,CLE,81,2894,14.5,0.539,0.264,0.19699999999999998,5.6,11.4,8.5,19.5,2.2,0.5,13.6,17.7,,3.3,3.2,6.5,0.10800000000000001,,0.3,0.8,1.1,2.3
98,Sean Elliott,SF,21,SAS,81,2032,12.5,0.546,0.013999999999999999,0.33399999999999996,7.2,9.2,8.2,10.7,1.1,0.4,13.1,17.4,,2.6,2.0,4.6,0.10800000000000001,,-0.4,-0.7,-1.1,0.4
99,Dale Ellis,SG,29,SEA,55,2033,19.0,0.58,0.253,0.233,5.0,8.9,6.9,8.7,1.5,0.2,9.6,25.3,,5.4,1.0,6.4,0.15,,4.0,-1.5,2.5,2.3
100,Pervis Ellison,C,22,SAC,34,866,10.3,0.475,0.008,0.311,8.4,17.2,12.8,10.6,0.9,3.9,17.9,17.3,,-0.5,0.9,0.4,0.021,,-4.0,0.6,-3.4,-0.3
101,Alex English,SF,36,DEN,80,2211,17.9,0.522,0.004,0.142,5.3,8.4,6.8,15.6,1.1,0.6,6.3,26.0,,3.3,1.7,5.1,0.11,,2.5,-1.2,1.2,1.8
102,Patrick Ewing,C,27,NYK,82,3165,25.8,0.599,0.002,0.387,8.5,22.4,15.7,10.0,1.2,5.9,12.4,29.4,,8.3,5.3,13.5,0.205,,3.7,1.8,5.5,6.0
103,Jim Farmer,SG,25,SEA,38,400,15.5,0.51,0.133,0.39399999999999996,4.8,7.9,6.3,9.6,2.1,0.2,10.2,27.7,,0.5,0.3,0.7,0.087,,-0.2,-0.9,-1.1,0.1
104,Duane Ferrell,SF,24,ATL,14,29,8.1,0.361,0.071,0.429,11.6,16.3,13.9,9.9,1.7,0.0,10.7,27.0,,-0.1,0.0,-0.1,-0.092,,-5.6,-3.9,-9.5,-0.1
105,Vern Fleming,PG,27,IND,82,2876,16.3,0.561,0.037000000000000005,0.32,5.0,7.9,6.5,30.8,1.6,0.2,16.4,18.9,,5.6,1.2,6.7,0.11199999999999999,,1.9,-1.1,0.8,2.0
106,Sleepy Floyd,PG,29,HOU,82,2630,14.2,0.552,0.29100000000000004,0.289,1.9,6.0,4.0,30.8,1.7,0.2,18.4,17.1,,3.4,2.9,6.3,0.115,,0.8,-0.2,0.6,1.7
107,Tellis Frank,PF,24,MIA,77,1762,11.1,0.518,0.0,0.386,9.1,15.2,12.1,6.9,1.4,0.9,15.9,19.3,,0.4,1.6,2.0,0.054000000000000006,,-3.2,-0.6,-3.9,-0.8
108,Corey Gaines,SG,24,PHI,9,81,6.2,0.363,0.16699999999999998,0.33299999999999996,1.4,5.6,3.5,39.2,2.5,0.0,42.1,12.4,,-0.1,0.1,-0.1,-0.044000000000000004,,-3.2,-0.4,-3.6,0.0
109,Kevin Gamble,SF,24,BOS,71,990,12.3,0.52,0.06,0.355,4.9,7.4,6.2,15.7,1.4,0.5,11.2,16.7,,1.2,0.7,1.9,0.092,,-0.6,0.0,-0.5,0.4
110,Winston Garland,PG,25,TOT,79,1762,9.8,0.45799999999999996,0.063,0.213,3.3,9.9,6.7,23.5,2.1,0.3,20.1,18.2,,-1.4,1.1,-0.3,-0.008,,-2.7,-0.7,-3.4,-0.6
111,Tom Garrick,SG,23,LAC,73,1721,11.8,0.539,0.05,0.271,2.3,8.4,5.4,23.4,2.5,0.2,19.9,14.3,,0.9,1.6,2.5,0.07,,-2.0,0.7,-1.3,0.3
112,Kenny Gattison,PF,25,CHH,63,941,12.9,0.586,0.004,0.409,8.5,15.6,11.9,6.2,1.8,2.0,17.4,17.4,,0.6,0.9,1.5,0.075,,-2.7,0.1,-2.6,-0.1
113,Derrick Gervin,PF,26,NJN,21,339,22.9,0.531,0.015,0.452,8.5,12.1,10.2,4.5,2.9,1.2,4.8,29.4,,0.9,0.4,1.3,0.184,,2.8,-0.2,2.7,0.4
114,Armen Gilliam,PF,25,TOT,76,2426,16.6,0.565,0.002,0.446,9.4,19.0,14.0,6.4,1.4,1.3,14.0,22.9,,2.3,2.3,4.5,0.09,,0.0,-1.0,-0.9,0.6
115,Mike Gminski,C,30,PHI,81,2659,15.7,0.503,0.017,0.235,8.4,20.8,14.6,6.9,0.8,2.3,8.1,19.2,,3.1,2.9,6.0,0.10800000000000001,,0.7,-0.6,0.0,1.4
116,Gary Grant,PG,24,LAC,44,1529,15.3,0.507,0.040999999999999995,0.21899999999999997,4.5,10.0,7.3,42.5,3.4,0.2,26.7,21.1,,-0.6,1.9,1.3,0.039,,0.3,0.5,0.8,1.1
117,Greg Grant,PG,23,PHO,67,678,9.7,0.43,0.07400000000000001,0.273,2.8,6.5,4.8,32.2,2.5,0.1,24.1,19.4,,-0.8,0.7,-0.1,-0.006999999999999999,,-2.7,-0.4,-3.1,-0.2
118,Harvey Grant,PF,24,WSB,81,1846,12.0,0.502,0.013000000000000001,0.228,8.0,12.0,10.0,9.4,1.4,1.3,11.4,16.5,,1.1,1.4,2.6,0.067,,-1.6,-0.5,-2.2,-0.1
119,Horace Grant,PF,24,CHI,80,2753,16.6,0.555,0.0,0.3,10.1,16.9,13.5,11.3,1.7,1.9,10.2,16.7,,5.3,2.8,8.0,0.14,,1.3,-0.2,1.1,2.1
120,Stuart Gray,C,26,TOT,58,560,8.5,0.485,0.051,0.475,7.7,22.4,14.7,4.5,1.3,2.8,16.7,10.9,,0.0,0.7,0.6,0.054000000000000006,,-5.0,0.6,-4.4,-0.3
121,Jeff Grayer,SF,24,MIL,71,1427,11.4,0.495,0.016,0.312,7.4,10.0,8.7,10.8,1.6,0.4,12.9,18.7,,0.4,1.1,1.5,0.05,,-1.6,-1.1,-2.7,-0.3
122,A.C. Green,PF,26,LAL,82,2709,14.7,0.5479999999999999,0.057,0.45899999999999996,11.5,18.4,15.1,4.6,1.2,1.1,10.7,17.1,,4.4,3.3,7.7,0.13699999999999998,,0.3,-0.9,-0.6,1.0
123,Rickey Green,PG,35,IND,69,927,10.9,0.48100000000000004,0.048,0.221,1.2,5.4,3.4,26.4,2.7,0.1,19.7,14.7,,0.2,0.5,0.7,0.037000000000000005,,-1.6,-0.2,-1.8,0.0
124,Sidney Green,C,29,ORL,73,1860,12.7,0.501,0.004,0.313,9.1,24.7,16.7,7.5,1.2,0.8,13.6,18.5,,0.5,1.2,1.7,0.044000000000000004,,-2.2,-1.2,-3.4,-0.6
125,Dave Greenwood,PF,32,DET,37,205,10.9,0.46299999999999997,0.0,0.5579999999999999,13.4,29.8,21.6,8.0,1.0,2.8,19.8,17.0,,-0.1,0.5,0.4,0.085,,-4.6,1.6,-3.0,0.0
126,Darrell Griffith,SG,31,UTA,82,1444,13.6,0.536,0.331,0.12,3.7,9.4,6.7,6.9,2.4,0.8,9.9,22.9,,0.6,1.8,2.5,0.083,,-0.4,0.3,-0.1,0.7
127,Scott Haffner,PG,23,MIA,43,559,8.3,0.43,0.09699999999999999,0.115,1.3,9.0,5.0,20.4,1.1,0.2,12.6,18.8,,-0.4,0.3,-0.1,-0.008,,-3.9,-1.2,-5.1,-0.4
128,Jack Haley,PF,26,TOT,67,1084,8.5,0.449,0.003,0.36,10.7,19.4,14.8,3.5,0.8,0.7,15.2,17.6,,-0.6,0.9,0.3,0.013000000000000001,,-5.1,-2.0,-7.1,-1.4
129,Tom Hammonds,PF,22,WSB,61,805,10.5,0.475,0.003,0.332,8.1,14.5,11.3,8.5,0.7,1.0,12.0,19.5,,0.0,0.5,0.5,0.031,,-3.0,-1.9,-4.9,-0.6
130,Bob Hansen,SG,29,UTA,81,2174,8.5,0.517,0.271,0.113,3.8,8.3,6.2,9.5,1.2,0.3,11.7,13.5,,0.9,2.0,2.8,0.062,,-2.1,-0.1,-2.1,-0.1
131,Bill Hanzlik,PF,32,DEN,81,1605,10.3,0.525,0.078,0.462,4.1,9.7,6.8,14.0,2.2,1.0,15.4,13.7,,1.0,1.9,2.9,0.086,,-2.6,1.5,-1.1,0.3
132,Tim Hardaway,PG,23,GSW,79,2663,16.0,0.525,0.085,0.28,2.4,9.6,6.2,36.4,2.8,0.2,19.0,20.5,,1.9,1.4,3.3,0.06,,0.6,-0.8,-0.2,1.2
133,Derek Harper,PG,28,DAL,82,3007,19.8,0.5670000000000001,0.207,0.271,2.1,7.0,4.6,32.2,3.2,0.5,13.7,22.0,,6.3,3.6,9.9,0.158,,3.3,1.4,4.7,5.0
134,Ron Harper,SG,26,TOT,35,1367,20.2,0.54,0.08,0.363,6.2,10.9,8.6,21.9,2.9,1.8,11.9,25.8,,2.2,1.7,3.9,0.138,,2.8,1.9,4.6,2.3
135,Steve Harris,SG,26,LAC,15,93,6.0,0.371,0.0,0.1,6.2,6.1,6.1,1.6,3.6,0.6,10.7,21.0,,-0.2,0.1,-0.1,-0.061,,-6.9,-0.9,-7.8,-0.1
136,Scott Hastings,PF,29,DET,40,166,7.0,0.49200000000000005,0.364,0.667,4.8,17.1,11.0,6.2,0.9,1.1,14.1,12.9,,0.1,0.3,0.3,0.10099999999999999,,-4.6,1.4,-3.1,0.0
137,Hersey Hawkins,SG,23,PHI,82,2856,17.0,0.57,0.17600000000000002,0.384,3.4,8.6,6.0,13.3,2.3,0.6,12.2,22.5,,5.5,2.5,8.0,0.135,,1.6,0.1,1.7,2.7
138,Gerald Henderson,PG,34,TOT,57,464,11.9,0.584,0.349,0.138,2.7,7.9,5.3,22.0,1.7,0.3,17.2,12.9,,0.7,0.5,1.2,0.128,,-0.3,1.6,1.3,0.4
139,Mike Higgins,SF,22,TOT,11,50,10.9,0.565,0.0,1.25,4.4,4.5,4.3,7.0,1.9,2.4,7.5,10.6,,0.1,0.1,0.1,0.132,,-1.5,1.3,-0.3,0.0
140,Rod Higgins,PF,30,GSW,82,1993,15.5,0.6,0.305,0.451,6.8,15.4,11.3,8.8,1.1,1.5,10.9,17.0,,4.1,0.9,5.0,0.121,,1.9,-0.9,1.0,1.5
141,Roy Hinson,PF,28,NJN,25,793,15.2,0.57,0.0,0.34600000000000003,7.7,15.9,11.5,4.5,0.9,2.0,13.6,19.3,,1.1,0.7,1.8,0.107,,-0.3,-0.2,-0.4,0.3
142,Craig Hodges,SG,29,CHI,63,1055,12.5,0.589,0.547,0.1,1.2,4.7,3.0,13.8,1.4,0.1,8.0,15.2,,2.2,0.4,2.6,0.11699999999999999,,1.2,-1.2,0.0,0.5
143,Mike Holton,PG,28,CHH,16,109,2.9,0.539,0.0,0.077,1.0,1.1,1.0,21.0,0.4,0.0,32.6,15.6,,-0.2,0.0,-0.2,-0.081,,-7.2,-3.2,-10.4,-0.2
144,Dave Hoppen,C,25,CHH,10,135,7.7,0.441,0.0,0.244,15.1,15.2,15.1,6.3,0.7,0.5,15.0,16.9,,-0.1,0.1,0.0,0.008,,-5.0,-1.8,-6.8,-0.2
145,Dennis Hopson,SG,24,NJN,79,2551,13.6,0.503,0.092,0.313,4.4,7.4,5.8,9.6,1.9,1.2,11.9,22.2,,1.3,1.9,3.1,0.059000000000000004,,-0.6,-0.4,-1.0,0.6
146,Tito Horford,C,24,MIL,35,236,5.1,0.35100000000000003,0.0,0.387,9.1,19.7,14.3,1.1,1.0,4.3,16.2,15.4,,-0.5,0.3,-0.2,-0.037000000000000005,,-7.2,-1.5,-8.7,-0.4
147,Jeff Hornacek,SG,26,PHO,67,2278,19.6,0.596,0.109,0.22399999999999998,4.4,10.3,7.5,21.7,2.4,0.3,11.2,20.2,,5.8,2.8,8.7,0.182,,3.1,1.5,4.6,3.8
148,Ed Horton,PF,22,WSB,45,374,14.5,0.525,0.025,0.426,16.9,14.2,15.6,7.3,1.2,0.8,16.9,25.3,,0.1,0.3,0.4,0.05,,-2.0,-2.9,-4.9,-0.3
149,Eddie Hughes,PG,29,DEN,60,892,8.3,0.48200000000000004,0.243,0.168,1.7,6.9,4.1,15.4,2.5,0.1,15.2,11.2,,0.1,0.9,1.0,0.055,,-3.7,1.1,-2.6,-0.1
150,Jay Humphries,PG,27,MIL,81,2818,16.4,0.547,0.07,0.284,3.2,7.8,5.5,24.8,2.7,0.2,11.8,19.1,,5.0,2.6,7.6,0.13,,0.6,0.7,1.4,2.4
151,Byron Irvin,SG,23,POR,50,488,15.6,0.531,0.069,0.44799999999999995,6.6,9.9,8.2,13.7,2.7,0.1,13.8,22.7,,0.5,0.7,1.2,0.12,,0.1,0.9,1.0,0.4
152,Jaren Jackson,SG,22,NJN,28,160,10.8,0.428,0.043,0.304,10.0,5.7,8.0,12.6,3.9,0.4,18.7,24.2,,-0.3,0.2,-0.1,-0.031,,-3.8,0.5,-3.3,0.0
153,Mark Jackson,PG,24,NYK,82,2428,14.3,0.49200000000000005,0.175,0.22,5.0,9.4,7.3,34.0,2.2,0.1,20.4,17.7,,1.6,2.1,3.7,0.07400000000000001,,0.9,-0.5,0.4,1.5
154,Michael Jackson,PG,25,SAC,17,58,8.1,0.36700000000000005,0.182,0.545,3.9,9.7,6.8,17.6,4.3,0.0,22.7,13.1,,-0.1,0.1,0.0,-0.016,,-4.5,2.1,-2.3,0.0
155,Avery Johnson,PG,24,SEA,53,575,11.6,0.439,0.027999999999999997,0.282,4.1,4.7,4.4,36.4,2.3,0.1,23.1,15.1,,0.2,0.3,0.5,0.043,,-0.1,-0.8,-0.8,0.2
156,Buck Johnson,SF,26,HOU,82,2832,12.9,0.534,0.017,0.265,4.3,9.8,7.1,12.7,1.7,1.3,12.8,18.7,,2.2,3.9,6.2,0.10400000000000001,,-1.6,1.0,-0.6,1.0
157,Dennis Johnson,PG,35,BOS,75,2036,12.4,0.495,0.051,0.295,2.7,7.9,5.5,29.7,1.9,0.4,17.9,13.5,,2.0,1.8,3.8,0.08900000000000001,,-0.9,0.5,-0.3,0.9
158,Eddie Johnson,SF,30,PHO,64,1811,14.9,0.542,0.203,0.226,4.5,10.1,7.4,8.9,0.8,0.3,9.8,25.2,,2.4,1.5,3.9,0.10400000000000001,,0.7,-1.6,-0.9,0.5
159,Eric Johnson,PG,23,UTA,48,272,4.6,0.295,0.071,0.20199999999999999,3.7,8.1,6.0,30.7,3.1,0.5,22.1,18.8,,-0.8,0.4,-0.4,-0.065,,-7.3,0.4,-6.9,-0.3
160,Kevin Johnson,PG,23,PHO,74,2782,22.8,0.585,0.035,0.516,1.8,8.4,5.3,44.4,1.6,0.3,15.6,25.0,,9.0,2.6,11.6,0.2,,5.3,-0.4,5.0,4.9
161,Magic Johnson,PG,30,LAL,79,2937,26.6,0.622,0.243,0.56,5.2,14.8,10.2,45.5,2.2,0.7,16.9,24.8,,12.8,3.8,16.5,0.27,,8.3,1.8,10.1,8.9
162,Marques Johnson,SF,33,GSW,10,99,8.5,0.507,0.094,0.531,9.1,9.2,9.2,11.9,0.0,0.6,20.2,19.9,,0.0,0.0,0.0,-0.016,,-1.8,-3.1,-4.9,-0.1
163,Steve Johnson,C,32,TOT,25,259,9.6,0.545,0.0,0.38,8.3,16.1,12.0,9.7,0.6,1.2,22.4,22.4,,-0.1,0.2,0.0,0.006,,-4.7,-0.7,-5.3,-0.2
164,Vinnie Johnson,SG,33,DET,82,1972,12.9,0.467,0.044000000000000004,0.253,6.3,8.5,7.4,19.2,1.8,0.4,12.5,21.5,,0.5,2.8,3.2,0.079,,-1.0,0.9,-0.1,0.9
165,Nate Johnston,PF-SF,23,TOT,21,87,14.1,0.428,0.083,0.271,16.4,12.7,14.5,1.6,1.6,5.6,10.0,27.6,,-0.1,0.2,0.1,0.05,,-3.5,-1.0,-4.5,-0.1
166,Anthony Jones,SG,27,DAL,66,650,7.6,0.435,0.067,0.35600000000000004,5.9,8.4,7.2,6.3,2.5,1.5,15.8,18.0,,-0.8,0.8,0.0,-0.001,,-4.6,0.6,-4.0,-0.3
167,Caldwell Jones,PF,39,SAS,72,885,7.2,0.516,0.035,0.375,10.0,19.1,14.6,2.9,1.1,1.9,22.2,10.1,,0.0,1.3,1.3,0.07200000000000001,,-4.6,0.5,-4.0,-0.5
168,Charles Jones,C,32,WSB,81,2240,9.2,0.5539999999999999,0.0,0.568,6.9,17.4,12.1,7.2,1.1,5.0,24.7,5.6,,1.0,2.8,3.8,0.08199999999999999,,-3.1,2.7,-0.5,0.9
169,Michael Jordan,SG,26,CHI,82,3197,31.2,0.606,0.125,0.35600000000000004,5.3,15.6,10.4,28.6,3.5,1.1,9.8,33.7,,14.7,4.3,19.0,0.285,,9.1,2.1,11.2,10.6
170,Shawn Kemp,PF,20,SEA,81,1120,15.9,0.531,0.027999999999999997,0.375,14.7,21.8,18.1,3.4,2.1,4.0,17.8,22.4,,0.5,1.6,2.1,0.092,,-2.2,0.2,-2.0,0.0
171,Tim Kempton,PF,26,DEN,71,1061,10.7,0.529,0.003,0.365,4.7,17.5,10.8,14.0,1.3,0.5,18.1,16.3,,0.1,1.2,1.3,0.06,,-2.7,0.3,-2.4,-0.1
172,Steve Kerr,PG,24,CLE,78,1664,12.0,0.56,0.33299999999999996,0.16899999999999998,0.8,5.8,3.3,21.5,1.4,0.3,13.8,14.0,,2.1,1.1,3.2,0.09300000000000001,,-0.3,-0.5,-0.8,0.5
173,Jerome Kersey,SF,27,POR,82,2843,15.7,0.521,0.018000000000000002,0.359,9.5,17.0,13.2,9.2,2.0,1.3,10.3,19.4,,4.1,4.7,8.8,0.14800000000000002,,0.5,1.2,1.8,2.7
174,Randolph Keys,SF,23,TOT,80,1615,10.9,0.474,0.063,0.20600000000000002,6.8,11.0,8.8,8.6,2.1,0.3,10.2,21.9,,-0.5,1.5,1.0,0.03,,-3.4,-0.6,-4.0,-0.8
175,Stan Kimbrough,PG,23,DET,10,50,12.1,0.474,0.0,0.125,9.1,6.8,8.0,14.3,4.1,0.0,19.2,18.0,,0.0,0.1,0.1,0.07400000000000001,,-2.0,3.6,1.6,0.0
176,Bernard King,SF,33,WSB,82,2687,18.8,0.545,0.016,0.35200000000000004,5.1,11.1,8.1,21.8,0.9,0.1,12.8,29.4,,4.1,1.4,5.5,0.099,,2.3,-1.9,0.5,1.7
177,Stacey King,PF,23,CHI,82,1777,13.8,0.562,0.002,0.504,11.2,14.3,12.8,6.6,1.1,2.1,15.5,18.4,,2.2,1.4,3.6,0.098,,-1.4,-1.6,-3.0,-0.4
178,Greg Kite,C,28,SAC,71,1515,7.0,0.446,0.004,0.231,9.8,18.3,14.1,6.5,1.0,2.0,22.8,9.5,,-0.6,1.5,0.8,0.026000000000000002,,-4.2,0.4,-3.8,-0.7
179,Joe Kleine,C,28,BOS,81,1365,10.5,0.529,0.011000000000000001,0.272,10.0,18.3,14.4,4.3,0.5,1.1,13.5,14.7,,1.0,1.3,2.3,0.08199999999999999,,-2.5,-1.2,-3.7,-0.6
180,Jon Koncak,C,26,ATL,54,977,8.7,0.612,0.008,0.622,6.7,20.3,13.3,3.0,1.9,2.1,22.5,9.0,,0.4,1.0,1.4,0.068,,-3.2,1.5,-1.7,0.1
181,Frank Kornet,PF,23,MIL,57,438,6.1,0.431,0.175,0.342,6.4,12.2,9.3,6.3,1.6,0.4,14.9,14.8,,-0.3,0.4,0.0,0.003,,-4.5,-1.0,-5.5,-0.4
182,Larry Krystkowiak,PF,25,MIL,16,381,7.6,0.423,0.017,0.28,4.7,18.3,11.4,8.9,1.3,0.3,12.5,16.7,,-0.3,0.4,0.1,0.01,,-4.7,-0.7,-5.5,-0.3
183,Bill Laimbeer,C,32,DET,81,2675,15.8,0.564,0.201,0.245,7.1,26.0,16.6,9.1,1.1,2.0,10.1,15.6,,4.7,5.4,10.1,0.182,,0.9,2.4,3.3,3.6
184,Jerome Lane,PF,23,DEN,67,956,12.8,0.462,0.016,0.38799999999999996,14.9,25.3,19.8,14.0,2.5,1.0,19.0,18.3,,-0.4,1.6,1.2,0.062,,-3.2,0.9,-2.3,-0.1
185,Andrew Lang,C,23,PHO,74,1011,13.2,0.594,0.0,0.563,9.6,19.2,14.7,2.6,1.0,7.4,15.9,10.6,,1.1,1.9,3.0,0.14400000000000002,,-2.0,3.4,1.4,0.9
186,Jeff Lebo,SG,23,SAS,4,32,5.8,0.381,0.0,0.28600000000000003,7.2,6.9,7.0,11.8,3.0,0.0,11.3,11.5,,0.0,0.0,0.0,0.065,,-4.9,3.0,-1.9,0.0
187,Eric Leckner,C,23,UTA,77,764,12.1,0.613,0.0,0.491,7.9,20.8,14.7,3.7,1.0,1.9,18.9,19.0,,0.6,1.1,1.7,0.107,,-4.0,0.1,-3.9,-0.4
188,Tim Legler,SG,23,PHO,11,83,6.7,0.442,0.034,0.207,5.6,5.0,5.3,9.5,1.1,0.0,11.2,17.7,,0.0,0.1,0.0,0.023,,-5.4,-2.2,-7.6,-0.1
189,Gary Leonard,C,22,MIN,22,127,6.2,0.431,0.032,0.452,8.9,17.1,12.8,1.2,1.2,4.7,17.7,15.7,,-0.2,0.2,0.0,-0.01,,-8.0,-0.4,-8.4,-0.2
190,Jim Les,PG,26,TOT,7,92,9.3,0.535,0.071,1.214,3.8,4.9,4.3,29.2,1.6,0.0,31.8,14.4,,0.0,0.1,0.1,0.026000000000000002,,-2.6,-1.4,-4.0,0.0
191,Clifford Lett,PG,24,CHI,4,28,-9.0,0.25,0.0,0.0,0.0,0.0,0.0,4.4,0.0,0.0,20.0,15.3,,-0.1,0.0,-0.1,-0.203,,-16.3,-5.4,-21.7,-0.1
192,Fat Lever,SG,29,DEN,79,2832,19.9,0.504,0.068,0.263,8.0,19.8,13.6,24.8,2.7,0.3,9.8,21.9,,4.6,4.2,8.8,0.149,,3.4,1.5,4.9,4.9
193,Cliff Levingston,PF,29,ATL,75,1706,12.1,0.54,0.012,0.28800000000000003,7.4,14.3,10.8,6.3,1.6,1.5,9.3,12.9,,2.4,1.0,3.4,0.096,,-0.7,0.0,-0.7,0.5
194,Ralph Lewis,SG-SF,26,TOT,7,26,13.2,0.635,0.0,0.28600000000000003,16.5,9.3,13.1,0.0,1.9,0.0,20.2,16.2,,0.0,0.0,0.0,0.08800000000000001,,-1.2,-2.2,-3.5,0.0
195,Reggie Lewis,SG,24,BOS,79,2522,16.8,0.545,0.013999999999999999,0.29100000000000004,5.0,9.9,7.6,12.9,1.7,1.4,8.9,22.5,,4.2,2.5,6.7,0.128,,0.8,0.2,0.9,1.9
196,Todd Lichti,SG,23,DEN,79,1326,12.3,0.5329999999999999,0.027000000000000003,0.33899999999999997,3.6,8.6,6.0,11.7,1.9,0.6,13.9,20.2,,0.5,1.3,1.8,0.066,,-2.0,-0.2,-2.3,-0.1
197,Alton Lister,C,31,GSW,3,40,10.9,0.542,0.125,0.875,14.0,7.6,10.7,6.4,1.1,0.0,0.0,11.0,,0.1,0.0,0.1,0.125,,0.3,-1.0,-0.6,0.0
198,Lewis Lloyd,SG,30,TOT,21,123,11.6,0.575,0.0,0.302,7.0,8.4,7.7,14.4,1.2,0.0,25.0,26.5,,-0.2,0.1,0.0,-0.012,,-3.1,-1.8,-4.9,-0.1
199,Brad Lohaus,PF,25,TOT,80,1943,13.6,0.517,0.207,0.155,5.7,18.5,11.9,13.0,1.5,2.9,13.3,17.9,,0.9,2.4,3.3,0.08199999999999999,,-0.6,0.9,0.3,1.1
200,Grant Long,PF,23,MIA,81,1856,11.6,0.5379999999999999,0.006,0.45299999999999996,8.9,15.2,12.0,7.2,2.3,1.2,17.9,16.9,,0.6,2.1,2.7,0.07,,-3.0,0.8,-2.3,-0.1
201,John Long,SG,33,ATL,48,1030,10.7,0.495,0.076,0.14300000000000002,2.8,6.5,4.6,11.8,2.2,0.3,15.5,19.7,,-0.1,0.4,0.2,0.01,,-2.0,-0.9,-2.9,-0.2
202,Sidney Lowe,PG,30,MIN,80,1744,8.7,0.37,0.039,0.23600000000000002,2.7,9.0,5.6,26.5,2.2,0.2,20.0,8.0,,0.1,1.4,1.5,0.04,,-3.3,0.6,-2.7,-0.3
203,John Lucas,PG,36,HOU,49,938,11.5,0.45399999999999996,0.299,0.18899999999999997,2.2,7.9,5.1,33.2,2.3,0.1,21.2,17.3,,-0.2,1.2,1.0,0.052000000000000005,,-1.0,0.1,-0.9,0.3
204,Rick Mahorn,PF,31,PHI,75,2271,13.9,0.546,0.013999999999999999,0.406,8.4,19.9,14.2,5.9,1.0,2.7,12.3,15.8,,2.7,2.7,5.3,0.113,,-0.7,0.3,-0.4,0.9
205,Dan Majerle,SG,24,PHO,73,2244,13.5,0.498,0.115,0.37200000000000005,7.5,13.1,10.5,11.0,2.1,0.8,9.2,16.5,,2.6,2.9,5.5,0.11800000000000001,,0.1,1.1,1.3,1.9
206,Jeff Malone,SG,28,WSB,75,2567,18.5,0.529,0.004,0.184,2.3,6.4,4.3,15.7,0.9,0.1,6.8,29.4,,4.4,0.8,5.2,0.098,,2.2,-2.2,0.0,1.3
207,Karl Malone,PF,26,UTA,82,3122,27.2,0.626,0.026000000000000002,0.561,9.3,24.0,17.1,13.2,1.9,1.0,13.0,32.6,,10.5,5.4,15.9,0.245,,5.9,0.5,6.4,6.6
208,Moses Malone,C,34,ATL,81,2735,20.2,0.564,0.008,0.586,15.0,19.4,17.1,7.0,0.9,1.9,14.6,24.3,,6.0,1.7,7.7,0.134,,2.6,-2.4,0.3,1.6
209,Danny Manning,PF,23,LAC,71,2269,16.3,0.584,0.006,0.44799999999999995,7.2,13.9,10.6,12.8,1.9,1.0,16.0,21.7,,2.9,2.4,5.3,0.11199999999999999,,0.2,0.2,0.4,1.4
210,Roy Marble,SG,23,ATL,24,162,5.5,0.36,0.034,0.5,10.4,6.6,8.5,8.9,2.2,0.4,16.5,21.9,,-0.4,0.1,-0.3,-0.08900000000000001,,-5.0,-2.4,-7.4,-0.2
211,Šarūnas Marčiulionis,SG,25,GSW,75,1695,15.5,0.616,0.07,0.7240000000000001,5.6,8.2,7.0,10.0,2.5,0.2,15.7,20.5,,3.1,0.7,3.8,0.107,,-0.2,-0.6,-0.8,0.5
212,Jeff Martin,SG,23,LAC,69,1351,8.7,0.46,0.036000000000000004,0.312,6.7,6.8,6.7,4.6,1.5,0.7,9.1,16.0,,0.0,0.9,0.9,0.031,,-2.8,-1.1,-4.0,-0.7
213,Anthony Mason,PF,23,NJN,21,108,6.9,0.397,0.0,0.375,10.2,24.2,16.7,9.7,0.9,1.1,19.1,21.4,,-0.2,0.1,-0.1,-0.055,,-6.6,-1.0,-7.6,-0.2
214,Wes Matthews,PG,30,ATL,1,13,19.6,0.515,0.33299999999999996,0.667,0.0,0.0,0.0,48.7,0.0,0.0,0.0,12.5,,0.1,0.0,0.1,0.196,,7.6,-1.8,5.8,0.0
215,Vernon Maxwell,SG,24,TOT,79,1987,11.5,0.496,0.16699999999999998,0.337,2.9,9.6,6.3,20.5,2.0,0.3,16.6,17.8,,0.3,2.5,2.8,0.068,,-1.6,0.5,-1.1,0.5
216,Bob McCann,SF,25,DAL,10,62,12.4,0.479,0.0,0.667,7.4,14.4,11.0,13.7,1.6,2.0,18.1,23.5,,0.0,0.1,0.1,0.040999999999999995,,-3.2,-0.9,-4.0,0.0
217,Mel McCants,SF,22,LAL,13,65,5.1,0.373,0.0,0.308,1.8,8.5,5.3,4.1,2.3,0.9,3.3,20.0,,-0.1,0.1,0.0,-0.003,,-6.9,-0.4,-7.3,-0.1
218,George McCloud,SF,22,IND,44,413,4.6,0.387,0.278,0.132,3.6,8.1,5.9,14.7,2.3,0.4,19.1,19.8,,-0.9,0.3,-0.7,-0.079,,-5.8,-1.1,-6.8,-0.5
219,Tim McCormick,C,27,HOU,18,116,2.6,0.401,0.0,0.655,7.4,17.0,12.3,3.3,1.2,0.5,21.1,16.6,,-0.3,0.2,-0.1,-0.032,,-8.6,-1.2,-9.9,-0.2
220,Rodney McCray,SF,28,SAC,82,3238,16.7,0.568,0.04,0.33399999999999996,6.7,16.6,11.7,17.4,0.9,1.3,12.7,18.3,,5.4,2.5,7.9,0.11800000000000001,,2.0,0.0,2.0,3.3
221,Xavier McDaniel,SF,26,SEA,69,2432,17.9,0.5329999999999999,0.013999999999999999,0.27,7.7,14.2,10.8,11.4,1.5,1.0,11.9,26.9,,3.6,1.8,5.4,0.106,,1.7,-1.1,0.6,1.6
222,Mike McGee,SF,30,PHO,14,280,9.8,0.53,0.264,0.24100000000000002,4.6,9.2,7.1,7.7,1.4,0.2,12.7,16.3,,0.1,0.3,0.4,0.064,,-1.3,-1.1,-2.4,0.0
223,Kevin McHale,PF,32,BOS,82,2722,21.8,0.623,0.057999999999999996,0.373,8.6,18.4,13.7,9.5,0.5,3.3,11.7,24.1,,7.8,3.3,11.1,0.195,,3.2,0.3,3.4,3.8
224,Derrick McKey,SF,23,SEA,80,2748,15.6,0.557,0.024,0.425,7.0,14.2,10.4,9.7,1.6,1.9,14.6,20.0,,4.0,2.3,6.3,0.11,,0.9,0.2,1.1,2.2
225,Carlton McKinney,SG,25,LAC,7,104,0.6,0.267,0.031,0.125,4.5,8.7,6.6,8.8,2.8,0.6,17.2,16.4,,-0.4,0.1,-0.3,-0.121,,-9.2,-0.8,-10.0,-0.2
226,Nate McMillan,SG,25,SEA,82,2338,14.4,0.517,0.071,0.349,6.1,14.4,10.1,32.7,3.0,1.0,27.0,12.4,,2.3,2.6,4.9,0.10099999999999999,,0.4,2.2,2.6,2.7
227,Mark McNamara,C,30,LAL,33,190,11.3,0.49200000000000005,0.0,0.465,13.8,23.9,19.0,2.4,0.5,0.3,16.9,28.0,,-0.2,0.2,0.1,0.015,,-5.4,-3.6,-9.0,-0.3
228,Scott Meents,PF,26,SEA,26,148,11.9,0.508,0.0,0.523,5.3,19.0,11.9,6.4,1.4,1.3,14.3,17.8,,0.1,0.1,0.2,0.066,,-1.7,0.1,-1.6,0.0
229,Reggie Miller,SG,24,IND,82,3192,20.8,0.645,0.281,0.48700000000000004,3.7,7.0,5.4,15.1,1.7,0.3,12.4,24.2,,10.8,1.3,12.1,0.182,,4.9,-0.9,4.0,4.8
230,Sam Mitchell,PF,26,MIN,80,2414,13.7,0.512,0.011000000000000001,0.418,8.4,14.9,11.5,6.0,1.4,1.5,8.9,19.8,,2.8,2.3,5.1,0.102,,-1.5,-0.9,-2.4,-0.3
231,Paul Mokeski,C,33,CLE,38,449,7.7,0.455,0.006999999999999999,0.24,6.7,18.1,12.4,5.7,0.9,1.3,13.6,18.5,,-0.4,0.5,0.2,0.018000000000000002,,-6.3,-0.5,-6.7,-0.5
232,Johnny Moore,PG,31,SAS,53,516,8.1,0.428,0.27,0.214,3.6,7.6,5.7,20.7,3.0,0.4,22.0,14.2,,-0.4,0.7,0.3,0.028999999999999998,,-3.8,1.1,-2.7,-0.1
233,Chris Morris,SF,24,NJN,80,2449,14.8,0.493,0.18100000000000002,0.297,7.9,10.6,9.2,9.5,2.6,1.9,13.3,22.8,,0.5,2.6,3.2,0.062,,0.3,0.3,0.6,1.6
234,Mike Morrison,SG,22,PHO,36,153,4.2,0.44299999999999995,0.10300000000000001,0.441,5.4,8.8,7.2,9.7,0.6,0.0,22.1,28.1,,-0.5,0.1,-0.3,-0.106,,-7.4,-3.1,-10.5,-0.3
235,John Morton,SG,22,CLE,37,402,5.9,0.38799999999999996,0.18600000000000003,0.385,1.9,7.0,4.5,24.2,2.3,0.6,21.3,25.8,,-1.3,0.4,-0.9,-0.109,,-6.0,-1.7,-7.7,-0.6
236,Chris Mullin,SF,26,GSW,78,2830,22.7,0.643,0.184,0.447,5.2,12.0,8.7,17.5,2.0,0.9,13.6,24.8,,8.9,1.3,10.2,0.174,,5.6,-0.7,5.0,5.0
237,Tod Murphy,C,26,MIN,82,2493,13.0,0.53,0.078,0.368,9.4,18.3,13.6,6.4,1.6,1.6,8.7,12.4,,3.3,2.8,6.1,0.11699999999999999,,-0.7,0.2,-0.4,1.0
238,Pete Myers,SG,26,TOT,52,751,9.8,0.45399999999999996,0.031,0.444,4.6,9.4,6.9,25.9,2.3,0.9,22.0,18.6,,-0.6,0.7,0.0,0.003,,-3.8,-0.2,-3.9,-0.4
239,Larry Nance,PF,30,CLE,62,2065,19.1,0.5539999999999999,0.001,0.29600000000000004,8.7,19.4,14.0,12.8,1.3,3.5,10.8,21.4,,3.5,3.0,6.5,0.152,,1.4,1.3,2.7,2.4
240,Calvin Natt,SF,33,IND,14,164,14.4,0.701,0.0,0.71,7.5,17.0,12.5,7.5,0.3,0.0,10.9,12.1,,0.5,0.1,0.5,0.159,,0.8,-1.2,-0.4,0.1
241,Ed Nealy,PF,29,CHI,46,503,11.1,0.591,0.028999999999999998,0.586,10.8,21.7,16.2,6.8,1.6,0.5,16.2,8.9,,0.7,0.5,1.3,0.122,,-1.4,0.2,-1.2,0.1
242,Chuck Nevitt,C,30,HOU,3,9,12.1,1.0,0.0,0.0,0.0,34.6,17.6,16.9,0.0,6.5,50.0,18.0,,0.0,0.0,0.0,0.037000000000000005,,-6.9,9.3,2.3,0.0
243,Johnny Newman,SF,26,NYK,80,2277,12.7,0.562,0.18100000000000002,0.38,3.0,6.2,4.7,11.3,2.0,0.6,13.5,19.4,,2.8,1.7,4.5,0.095,,-1.1,0.0,-1.1,0.5
244,Kurt Nimphius,C,31,PHI,38,314,7.9,0.43200000000000005,0.011000000000000001,0.33,8.0,14.0,11.0,2.6,0.6,3.5,10.3,15.7,,-0.2,0.3,0.1,0.02,,-4.7,-1.0,-5.7,-0.3
245,Dyron Nix,SF,22,IND,20,109,8.2,0.424,0.0,0.41,9.0,18.4,14.0,6.4,1.4,0.5,13.2,21.1,,-0.1,0.1,0.0,-0.015,,-4.3,-1.5,-5.8,-0.1
246,Ken Norman,SF,25,LAC,70,2334,14.6,0.534,0.017,0.255,7.1,15.8,11.5,10.9,1.6,1.5,15.3,22.3,,0.4,2.6,2.9,0.061,,-0.6,-0.4,-0.9,0.6
247,Charles Oakley,PF,26,NYK,61,2196,15.9,0.58,0.005,0.445,13.4,23.0,18.4,9.3,1.4,0.4,17.7,17.6,,3.2,2.8,6.0,0.131,,0.3,-0.6,-0.3,0.9
248,Hakeem Olajuwon,C,27,HOU,82,3124,24.1,0.541,0.004,0.33299999999999996,10.3,28.3,19.5,12.1,2.6,7.0,14.6,28.1,,2.5,8.7,11.2,0.17300000000000001,,1.8,4.0,5.8,6.2
249,Jawann Oldham,C,32,TOT,6,45,8.0,0.496,0.0,1.167,9.1,29.1,18.9,3.5,2.0,3.7,30.6,11.8,,-0.1,0.1,0.0,0.006,,-7.9,-0.3,-8.2,-0.1
250,José Ortiz,PF,26,UTA,13,64,16.0,0.475,0.048,0.11900000000000001,15.7,12.0,13.7,20.2,1.6,1.0,10.2,33.5,,0.0,0.1,0.1,0.061,,-2.6,-1.9,-4.5,0.0
251,Robert Parish,C,36,BOS,79,2396,19.2,0.616,0.0,0.358,12.6,23.5,18.3,6.2,0.8,1.7,14.4,20.7,,4.8,3.0,7.8,0.157,,1.9,-0.8,1.1,1.9
252,Žarko Paspalj,SF,23,SAS,28,181,4.3,0.406,0.013000000000000001,0.278,9.6,9.1,9.3,7.8,0.8,2.4,19.1,25.1,,-0.5,0.2,-0.3,-0.07200000000000001,,-8.2,-2.2,-10.4,-0.4
253,Jim Paxson,PG,32,BOS,72,1283,9.7,0.498,0.047,0.213,2.2,4.3,3.3,14.1,1.3,0.2,10.5,16.9,,0.7,0.7,1.4,0.052000000000000005,,-2.9,-0.8,-3.7,-0.5
254,John Paxson,PG,29,CHI,82,2365,12.7,0.555,0.13,0.096,1.3,4.6,3.0,19.2,1.7,0.2,10.3,14.9,,3.7,1.1,4.8,0.09699999999999999,,-0.6,-0.9,-1.5,0.3
255,Kenny Payne,SF,23,PHI,35,216,10.7,0.49200000000000005,0.09300000000000001,0.16699999999999998,5.8,7.8,6.8,7.1,1.6,1.7,14.7,26.7,,-0.2,0.2,0.0,0.002,,-4.2,-1.8,-6.0,-0.2
256,Will Perdue,C,24,CHI,77,884,9.1,0.469,0.019,0.38799999999999996,11.7,16.9,14.3,6.8,1.1,1.9,17.2,18.3,,-0.3,0.8,0.5,0.027999999999999997,,-4.9,-1.9,-6.7,-1.1
257,Sam Perkins,SF,28,DAL,76,2668,17.3,0.564,0.032,0.48,9.0,15.2,12.2,10.0,1.7,1.5,12.2,20.0,,4.8,3.3,8.1,0.146,,1.3,0.5,1.7,2.5
258,Tim Perry,C,24,PHO,60,612,13.5,0.541,0.005,0.462,15.1,12.3,13.6,3.8,1.6,2.0,16.7,19.0,,0.4,0.8,1.2,0.094,,-1.3,-0.1,-1.4,0.1
259,Chuck Person,SF,25,IND,77,2714,16.6,0.557,0.204,0.217,5.7,13.1,9.6,13.5,1.0,0.4,11.1,24.4,,4.1,1.3,5.4,0.096,,2.0,-2.0,-0.1,1.3
260,Jim Petersen,C,27,GSW,43,592,9.0,0.49700000000000005,0.006999999999999999,0.518,9.3,19.0,14.4,5.0,1.3,1.9,17.2,14.1,,0.0,0.4,0.4,0.035,,-3.6,-0.8,-4.4,-0.4
261,Dražen Petrović,SG,25,POR,77,967,15.5,0.586,0.17300000000000001,0.375,5.5,7.0,6.2,17.5,1.1,0.1,16.2,24.1,,1.8,1.0,2.8,0.139,,1.4,-0.5,0.9,0.7
262,Ricky Pierce,SG,30,MIL,59,1709,21.9,0.5920000000000001,0.135,0.371,4.2,7.0,5.6,13.9,1.4,0.3,10.1,31.3,,4.8,1.0,5.8,0.163,,4.5,-1.7,2.9,2.1
263,Ed Pinckney,PF,26,BOS,77,1082,13.7,0.601,0.004,0.478,10.0,12.8,11.5,8.1,1.5,2.2,15.7,13.9,,1.7,1.2,2.9,0.131,,-0.3,1.1,0.8,0.8
264,Scottie Pippen,SF,24,CHI,82,3148,16.3,0.528,0.09699999999999999,0.257,5.6,14.9,10.3,19.8,3.3,2.0,17.8,21.2,,1.4,4.3,5.7,0.087,,0.4,1.4,1.8,3.0
265,Olden Polynice,C,25,SEA,79,1085,12.4,0.541,0.006999999999999999,0.34299999999999997,13.3,19.3,16.2,1.9,1.2,1.2,9.5,14.1,,1.6,0.9,2.5,0.111,,-1.3,-1.0,-2.3,-0.1
266,Terry Porter,PG,26,POR,80,2781,20.0,0.597,0.24600000000000002,0.48700000000000004,2.3,8.4,5.3,35.4,2.5,0.1,17.2,20.1,,7.9,3.8,11.7,0.20199999999999999,,4.5,1.3,5.8,5.4
267,Paul Pressey,SG,31,MIL,57,1400,15.9,0.5329999999999999,0.085,0.375,4.8,9.4,7.0,25.6,2.5,1.0,15.6,20.9,,1.6,1.4,3.0,0.102,,0.5,0.8,1.3,1.2
268,Harold Pressley,SF,26,SAC,72,1603,13.7,0.506,0.261,0.249,6.7,15.1,10.9,13.5,1.8,1.3,12.3,19.3,,0.8,1.5,2.3,0.069,,-0.2,0.2,0.0,0.8
269,Mark Price,PG,25,CLE,73,2706,21.1,0.589,0.35100000000000003,0.317,2.7,7.7,5.2,39.2,2.1,0.1,15.0,22.8,,7.6,2.5,10.1,0.179,,5.3,-0.2,5.2,4.9
270,Brian Quinnett,SG,23,NYK,31,193,3.9,0.337,0.034,0.052000000000000005,5.3,10.6,8.1,7.4,0.8,1.2,6.3,13.6,,-0.2,0.1,-0.1,-0.015,,-5.7,-1.3,-7.0,-0.2
271,Kurt Rambis,PF,31,TOT,74,1904,12.1,0.539,0.008,0.34,9.4,20.6,15.2,9.1,2.5,1.1,19.5,11.7,,1.0,3.1,4.1,0.10300000000000001,,-1.2,1.9,0.7,1.3
272,Blair Rasmussen,C,27,DEN,81,1995,16.0,0.525,0.001,0.15,8.6,23.5,15.6,5.7,0.9,3.0,7.3,20.2,,2.3,2.9,5.2,0.125,,-1.0,-0.1,-1.0,0.5
273,J.R. Reid,C,21,CHH,82,2757,10.2,0.48200000000000004,0.006,0.355,7.7,21.5,14.2,5.3,1.6,1.2,15.5,17.2,,-1.7,2.8,1.1,0.02,,-3.7,-0.5,-4.2,-1.5
274,Robert Reid,SF,34,TOT,72,1202,8.0,0.42700000000000005,0.07200000000000001,0.192,3.0,11.7,7.1,10.9,1.5,0.8,8.5,18.7,,-1.1,0.8,-0.3,-0.011000000000000001,,-4.3,-0.4,-4.7,-0.8
275,Jerry Reynolds,SF,27,ORL,67,1817,14.1,0.486,0.019,0.435,5.1,13.9,9.4,14.1,2.4,1.9,13.6,22.0,,0.2,1.1,1.3,0.035,,-0.8,0.2,-0.6,0.6
276,Glen Rice,SF,22,MIA,77,2311,11.3,0.466,0.064,0.11599999999999999,4.6,12.5,8.4,9.1,1.4,0.7,9.1,21.6,,-0.4,1.8,1.4,0.028999999999999998,,-2.1,-1.1,-3.2,-0.7
277,Pooh Richardson,PG,23,MIN,82,2581,15.8,0.48200000000000004,0.09,0.11599999999999999,2.4,8.0,5.0,35.3,2.7,0.6,12.7,19.0,,2.0,2.4,4.4,0.08199999999999999,,1.0,0.4,1.4,2.2
278,Mitch Richmond,SG,24,GSW,78,2799,17.0,0.5760000000000001,0.07400000000000001,0.364,3.9,9.5,6.9,12.1,1.6,0.5,11.9,24.1,,4.6,0.7,5.2,0.09,,1.4,-1.7,-0.4,1.2
279,David Rivers,PG,25,LAC,52,724,9.9,0.473,0.025,0.396,4.8,8.6,6.7,29.4,2.1,0.0,27.6,18.4,,-0.8,0.6,-0.2,-0.012,,-2.8,-1.6,-4.3,-0.4
280,Doc Rivers,PG,28,ATL,48,1526,17.2,0.539,0.138,0.354,3.5,11.9,7.6,23.9,3.8,0.9,15.0,17.9,,2.5,1.5,4.0,0.126,,1.1,2.0,3.0,2.0
281,Fred Roberts,PF,29,MIL,82,2235,11.6,0.5529999999999999,0.017,0.374,5.4,10.6,8.0,9.3,1.2,0.7,14.4,17.0,,1.9,1.6,3.5,0.075,,-1.4,-0.9,-2.3,-0.1
282,Alvin Robertson,SG,27,MIL,81,2599,18.9,0.542,0.027000000000000003,0.281,10.0,14.7,12.3,25.6,3.9,0.4,17.0,20.6,,3.6,3.9,7.5,0.138,,1.7,2.0,3.7,3.7
283,Clifford Robinson,PF,23,POR,82,1565,9.3,0.433,0.059000000000000004,0.33399999999999996,7.5,13.9,10.7,6.5,1.6,2.1,13.0,24.9,,-2.0,2.4,0.3,0.01,,-4.6,-0.4,-5.0,-1.2
284,David Robinson,C,24,SAS,82,3002,26.3,0.597,0.002,0.644,11.7,24.8,18.5,8.7,2.2,6.5,13.3,26.6,,7.9,7.2,15.1,0.24100000000000002,,4.0,2.9,6.9,6.8
285,Dennis Rodman,SF,28,DET,82,2377,15.4,0.608,0.018000000000000002,0.43799999999999994,16.2,21.7,19.0,4.2,1.1,1.6,13.2,12.3,,5.0,4.4,9.3,0.18899999999999997,,0.7,0.9,1.6,2.2
286,Tree Rollins,C,34,CLE,48,674,8.8,0.473,0.008,0.128,9.6,15.9,12.7,4.9,1.0,4.7,21.0,10.7,,-0.2,0.9,0.7,0.05,,-4.5,1.5,-3.0,-0.2
287,Doug Roth,C,22,WSB,42,412,8.2,0.439,0.012,0.163,11.4,20.1,15.7,5.9,0.9,1.8,14.8,10.7,,0.0,0.4,0.4,0.052000000000000005,,-4.6,-0.7,-5.3,-0.3
288,Scott Roth,SF,26,MIN,71,1061,11.7,0.478,0.124,0.479,3.6,9.4,6.3,17.4,2.5,0.4,14.3,24.6,,-0.2,1.0,0.7,0.034,,-2.5,0.0,-2.5,-0.2
289,Jim Rowinski,PF,29,MIA,14,112,13.2,0.5760000000000001,0.0,0.813,16.1,12.3,14.3,6.1,0.4,1.1,18.7,19.2,,0.2,0.1,0.2,0.10099999999999999,,-2.3,-1.9,-4.3,-0.1
290,Brian Rowsom,PF,24,CHH,44,559,13.6,0.522,0.011000000000000001,0.46399999999999997,8.4,18.8,13.3,5.7,1.6,1.2,10.4,18.3,,0.5,0.5,1.0,0.085,,-1.6,-0.5,-2.0,0.0
291,Donald Royal,SF,23,MIN,66,746,15.2,0.5660000000000001,0.004,0.773,10.4,11.7,11.0,9.4,2.3,0.7,19.2,25.0,,0.6,0.7,1.3,0.087,,-1.1,-0.6,-1.7,0.1
292,Delaney Rudd,PG,27,UTA,77,850,8.6,0.483,0.21600000000000003,0.205,1.8,5.6,3.8,29.4,1.3,0.1,23.8,19.0,,-0.6,0.7,0.1,0.004,,-2.8,-1.9,-4.6,-0.6
293,John Salley,PF,25,DET,82,1914,13.5,0.575,0.01,0.598,9.2,16.9,13.0,4.8,1.4,5.1,15.8,13.8,,2.2,3.9,6.1,0.152,,-1.9,3.3,1.5,1.7
294,Ralph Sampson,C,29,SAC,26,417,5.5,0.392,0.031,0.17800000000000002,3.0,19.7,11.4,9.3,1.7,3.1,19.6,17.9,,-1.1,0.5,-0.6,-0.068,,-7.3,1.6,-5.7,-0.4
295,Jeff Sanders,PF,24,CHI,31,182,2.5,0.335,0.0,0.1,11.0,14.3,12.7,6.0,1.1,1.4,26.4,13.3,,-0.4,0.1,-0.3,-0.069,,-7.5,-2.7,-10.2,-0.4
296,Mike Sanders,SF,29,IND,82,1531,9.1,0.498,0.028999999999999998,0.157,6.3,11.1,8.8,8.3,1.4,0.9,13.4,16.7,,0.1,0.9,1.0,0.031,,-3.0,-0.7,-3.8,-0.7
297,Danny Schayes,C,30,DEN,53,1194,16.5,0.617,0.012,0.8,9.7,21.0,15.0,6.4,1.6,2.2,13.9,17.0,,2.8,1.7,4.5,0.183,,-0.4,0.6,0.3,0.7
298,Detlef Schrempf,PF,27,IND,78,2573,17.6,0.611,0.057999999999999996,0.596,7.1,20.4,14.1,14.0,1.1,0.4,14.8,20.5,,6.1,2.0,8.1,0.151,,1.8,-0.4,1.4,2.2
299,Byron Scott,SG,28,LAL,77,2593,14.3,0.546,0.21899999999999997,0.20800000000000002,2.3,8.1,5.3,15.5,1.5,0.7,10.0,20.1,,3.8,2.2,6.0,0.111,,0.8,-0.2,0.6,1.7
300,Rony Seikaly,C,24,MIA,74,2409,15.9,0.53,0.001,0.445,11.2,24.4,17.6,4.9,1.5,3.1,16.9,23.3,,-0.2,3.4,3.2,0.063,,-1.5,-0.2,-1.7,0.2
301,Brad Sellers,PF,27,TOT,59,700,9.2,0.461,0.02,0.287,6.3,8.8,7.5,6.5,1.2,2.0,13.9,20.1,,-0.3,0.4,0.2,0.011000000000000001,,-2.8,-1.1,-3.9,-0.3
302,Charles Shackleford,C,23,NJN,70,1557,12.3,0.489,0.002,0.215,11.5,21.8,16.3,5.6,1.2,1.3,16.5,18.1,,-0.3,1.7,1.5,0.046,,-2.7,-0.9,-3.6,-0.6
303,John Shasky,C,25,GSW,14,51,2.5,0.3,0.0,0.429,8.8,17.9,13.6,2.4,0.9,2.2,10.7,14.6,,-0.1,0.0,-0.1,-0.084,,-7.9,-3.6,-11.5,-0.1
304,Purvis Short,SF,32,NJN,82,2213,13.4,0.508,0.037000000000000005,0.249,4.6,7.5,6.0,10.8,1.4,0.5,10.1,21.3,,2.0,1.3,3.3,0.071,,-1.1,-0.9,-2.0,0.0
305,Dexter Shouse,PG,26,PHI,3,18,-6.8,0.0,0.25,0.0,0.0,0.0,0.0,12.8,2.8,3.4,33.3,14.1,,-0.1,0.0,-0.1,-0.281,,-11.6,-0.4,-12.0,0.0
306,Jerry Sichting,PG,33,TOT,35,496,8.9,0.449,0.096,0.17600000000000002,0.6,3.9,2.2,26.2,1.6,0.2,14.0,13.4,,0.0,0.2,0.2,0.018000000000000002,,-3.5,-0.6,-4.1,-0.3
307,Jack Sikma,C,34,MIL,71,2250,14.7,0.524,0.24100000000000002,0.314,5.5,19.8,12.5,14.6,1.7,1.3,12.9,20.1,,2.3,2.7,5.0,0.107,,0.2,0.5,0.6,1.5
308,Scott Skiles,PG,25,ORL,70,1460,13.2,0.519,0.284,0.256,1.6,10.1,5.7,30.8,1.1,0.2,14.8,16.2,,1.9,0.1,2.0,0.065,,-0.2,-1.9,-2.0,0.0
309,Charles Smith,PF,24,LAC,78,2732,19.5,0.589,0.01,0.5,7.5,14.3,11.0,6.7,1.5,2.6,10.4,23.8,,6.3,3.1,9.4,0.165,,1.7,0.2,1.9,2.7
310,Charles Smith,PG,22,BOS,60,519,13.3,0.514,0.053,0.5710000000000001,3.1,11.1,7.3,25.1,3.3,0.3,17.8,16.4,,0.4,0.7,1.1,0.102,,-2.5,1.8,-0.8,0.2
311,Derek Smith,SF,28,PHI,75,1405,13.7,0.561,0.07,0.36200000000000004,5.0,8.8,6.9,11.4,1.2,0.9,12.5,20.5,,1.9,1.0,2.9,0.098,,-0.5,-0.6,-1.1,0.3
312,Kenny Smith,PG,24,TOT,79,2421,13.3,0.526,0.102,0.242,0.8,6.5,3.7,26.6,1.6,0.2,15.9,18.9,,1.7,1.0,2.6,0.052000000000000005,,-0.5,-1.2,-1.7,0.2
313,Larry Smith,PF,32,HOU,74,1300,9.8,0.46799999999999997,0.009000000000000001,0.258,14.9,21.7,18.4,6.6,2.0,1.3,22.8,9.6,,0.1,2.5,2.6,0.095,,-3.1,1.3,-1.8,0.1
314,Michael Smith,PF,24,BOS,65,620,14.2,0.52,0.098,0.22399999999999998,7.5,10.2,8.9,18.6,0.7,0.1,14.7,25.0,,0.3,0.4,0.7,0.055,,-0.8,-2.5,-3.3,-0.2
315,Otis Smith,SF,26,ORL,65,1644,17.2,0.5429999999999999,0.055999999999999994,0.314,7.3,12.1,9.6,13.5,2.1,1.9,11.2,21.6,,2.5,0.9,3.3,0.09699999999999999,,1.3,0.2,1.5,1.5
316,Rik Smits,C,23,IND,82,2404,18.1,0.579,0.001,0.307,6.9,17.5,12.5,9.3,0.9,4.2,11.5,22.4,,4.2,2.3,6.6,0.132,,0.1,0.6,0.7,1.6
317,Mike Smrek,C,27,GSW,13,107,7.1,0.39399999999999996,0.0,0.25,11.5,21.8,16.9,1.2,1.7,5.7,25.3,13.3,,-0.2,0.1,-0.1,-0.039,,-5.8,0.0,-5.8,-0.1
318,Rory Sparrow,PG,31,MIA,82,1756,8.8,0.44799999999999995,0.078,0.151,2.2,6.6,4.3,23.0,1.3,0.1,15.4,14.7,,-0.2,0.9,0.7,0.019,,-3.2,-0.8,-4.0,-0.9
319,John Stockton,PG,27,UTA,78,2915,23.9,0.607,0.12300000000000001,0.47100000000000003,2.5,5.6,4.1,57.4,3.5,0.4,19.7,20.6,,10.4,4.0,14.4,0.23800000000000002,,6.7,2.2,8.9,8.0
320,Greg Stokes,PF,26,SAC,11,34,-8.2,0.20199999999999999,0.0,0.222,6.7,9.9,8.3,0.0,0.0,0.0,23.3,16.3,,-0.2,0.0,-0.2,-0.23800000000000002,,-12.8,-4.1,-16.9,-0.1
321,Rod Strickland,PG,23,TOT,82,2140,15.7,0.494,0.04,0.368,4.8,8.6,6.8,31.2,2.9,0.4,16.2,20.4,,1.6,2.6,4.3,0.095,,0.5,0.7,1.2,1.7
322,Jon Sundvold,SG,28,MIA,63,867,11.2,0.498,0.275,0.14300000000000002,1.8,7.4,4.5,17.1,1.4,0.0,11.9,20.3,,0.4,0.5,0.8,0.046,,-0.9,-1.1,-2.0,0.0
323,Roy Tarpley,PF,25,DAL,45,1648,18.0,0.491,0.009000000000000001,0.247,13.2,27.1,20.3,6.5,2.4,2.6,13.2,23.7,,0.3,3.3,3.5,0.10300000000000001,,-0.6,0.3,-0.3,0.7
324,Jay Taylor,SG,22,NJN,17,114,9.5,0.456,0.25,0.17300000000000001,4.4,6.0,5.1,7.1,2.1,1.6,15.2,23.2,,-0.2,0.1,-0.1,-0.027999999999999997,,-2.4,-0.3,-2.6,0.0
325,Leonard Taylor,PF,23,GSW,10,37,3.8,0.42200000000000004,0.16699999999999998,2.667,12.1,22.0,17.3,3.1,0.0,0.0,27.7,19.4,,-0.1,0.0,-0.1,-0.09699999999999999,,-6.1,-4.1,-10.2,-0.1
326,Terry Teagle,SF,29,GSW,82,2376,14.8,0.529,0.012,0.262,5.4,10.8,8.2,9.9,1.7,0.3,10.3,23.4,,1.9,0.8,2.7,0.054000000000000006,,-0.6,-1.9,-2.4,-0.3
327,Reggie Theus,SG,32,ORL,76,2350,15.9,0.524,0.08900000000000001,0.376,3.3,6.8,5.0,26.5,1.2,0.3,14.1,26.6,,2.7,-0.1,2.5,0.052000000000000005,,1.2,-2.4,-1.2,0.5
328,Isiah Thomas,PG,28,DET,81,2993,17.3,0.501,0.10300000000000001,0.285,2.8,8.9,5.9,39.4,2.4,0.4,17.8,26.0,,2.1,4.6,6.7,0.107,,2.3,0.6,2.9,3.7
329,Billy Thompson,SF,26,MIA,79,2142,14.7,0.536,0.006,0.254,11.8,16.8,14.2,11.4,1.2,2.5,16.2,18.1,,1.4,2.2,3.6,0.081,,-0.4,0.2,-0.2,1.0
330,LaSalle Thompson,C,28,IND,82,2126,10.3,0.523,0.011000000000000001,0.285,10.1,23.9,17.3,6.7,1.5,2.0,22.1,13.9,,0.0,2.5,2.4,0.055,,-2.9,0.3,-2.6,-0.3
331,Mychal Thompson,C,35,LAL,70,1883,13.4,0.542,0.0,0.363,10.9,17.9,14.5,3.2,0.9,2.3,10.8,16.6,,2.4,2.3,4.7,0.11900000000000001,,-1.1,-0.8,-2.0,0.0
332,Bob Thornton,PF,27,PHI,56,592,6.1,0.457,0.027000000000000003,0.455,8.7,16.7,12.7,3.7,1.7,1.2,20.7,12.1,,-0.4,0.7,0.3,0.022000000000000002,,-5.2,0.1,-5.1,-0.5
333,Otis Thorpe,PF,27,HOU,82,2947,16.1,0.5870000000000001,0.01,0.447,9.4,16.8,13.2,12.8,1.1,0.5,16.1,19.6,,4.4,4.1,8.5,0.138,,0.6,0.2,0.7,2.0
334,Sedale Threatt,PG,28,SEA,65,1481,17.4,0.557,0.053,0.262,3.3,5.9,4.6,21.9,2.2,0.3,10.3,21.0,,3.7,0.9,4.6,0.149,,1.8,0.2,2.0,1.5
335,Wayman Tisdale,PF,25,SAC,79,2937,18.1,0.565,0.004,0.28300000000000003,7.1,15.7,11.4,6.2,0.9,1.1,9.0,25.1,,4.8,2.2,7.0,0.114,,1.2,-1.5,-0.3,1.3
336,Tom Tolbert,PF,24,GSW,70,1347,13.8,0.562,0.040999999999999995,0.545,10.2,18.2,14.4,6.0,0.8,1.0,12.6,18.6,,1.9,0.7,2.5,0.091,,-1.0,-2.2,-3.1,-0.4
337,Sedric Toney,PG,27,TOT,64,968,8.0,0.461,0.252,0.332,1.6,5.4,3.5,23.8,1.7,0.0,20.3,15.9,,-0.4,0.4,0.0,-0.001,,-3.3,-1.6,-4.9,-0.7
338,Kelly Tripucka,SF,30,CHH,79,2404,13.6,0.521,0.10099999999999999,0.341,3.7,12.0,7.6,14.5,1.5,0.4,12.9,24.1,,0.6,1.5,2.1,0.042,,-0.9,-1.0,-1.8,0.1
339,Trent Tucker,SG,30,NYK,81,1725,12.0,0.518,0.40399999999999997,0.142,3.8,7.3,5.6,13.9,2.1,0.3,10.2,17.3,,1.9,1.4,3.3,0.091,,-0.1,0.1,0.0,0.9
340,Andre Turner,PG,25,TOT,11,115,6.2,0.327,0.053,0.105,4.0,4.1,4.0,27.5,3.4,0.0,23.2,19.1,,-0.4,0.1,-0.3,-0.111,,-5.0,-0.7,-5.7,-0.1
341,Henry Turner,PF,23,SAC,36,315,14.2,0.518,0.025,0.5329999999999999,7.9,10.0,9.0,10.7,2.7,1.3,14.7,24.2,,0.0,0.3,0.3,0.046,,-1.6,-0.4,-2.0,0.0
342,Jeff Turner,PF,27,ORL,60,1105,6.6,0.46399999999999997,0.032,0.175,4.8,17.2,10.8,6.4,1.0,0.6,15.5,13.9,,-0.5,0.3,-0.2,-0.009000000000000001,,-5.1,-1.0,-6.1,-1.2
343,Melvin Turpin,C,29,WSB,59,818,12.8,0.574,0.01,0.34,11.5,17.7,14.6,4.3,0.9,3.3,15.8,14.3,,0.9,0.9,1.8,0.105,,-2.6,-0.1,-2.8,-0.2
344,Kelvin Upshaw,SG,27,TOT,40,387,11.9,0.493,0.10300000000000001,0.253,2.6,8.5,5.7,18.7,3.2,0.1,14.3,19.9,,0.0,0.3,0.3,0.036000000000000004,,-2.4,0.8,-1.6,0.0
345,Kiki Vandeweghe,SF,31,NYK,22,563,12.5,0.512,0.08199999999999999,0.20800000000000002,3.0,7.3,5.2,10.6,1.3,0.3,9.3,20.5,,0.5,0.3,0.8,0.07200000000000001,,-0.8,-1.7,-2.5,-0.1
346,Jay Vincent,SF,30,TOT,41,459,11.8,0.523,0.011000000000000001,0.268,5.0,10.2,7.7,5.8,2.0,0.6,13.9,22.0,,0.1,0.4,0.5,0.052000000000000005,,-2.7,-0.9,-3.6,-0.2
347,Sam Vincent,PG,26,ORL,63,1657,15.4,0.536,0.025,0.379,2.3,10.3,6.2,29.8,1.8,0.7,16.7,18.6,,2.0,0.4,2.4,0.07,,0.7,-0.3,0.4,1.0
348,Gary Voce,PF,24,CLE,1,4,19.2,0.33299999999999996,0.0,0.0,55.5,0.0,28.0,0.0,0.0,0.0,0.0,32.5,,0.0,0.0,0.0,0.031,,5.2,-12.1,-6.9,0.0
349,Alexander Volkov,C,25,ATL,72,937,11.9,0.53,0.12,0.423,6.2,8.5,7.3,12.3,1.9,1.4,13.4,17.4,,1.0,0.4,1.4,0.07400000000000001,,-1.3,0.1,-1.2,0.2
350,Mark Wade,PG,24,DAL,1,3,21.3,,,,0.0,0.0,0.0,81.6,0.0,0.0,,0.0,,0.0,0.0,0.0,0.23399999999999999,,7.7,-0.6,7.1,0.0
351,Darrell Walker,PG,28,WSB,81,2883,15.6,0.49200000000000005,0.03,0.289,6.4,20.4,13.4,28.4,2.3,0.6,18.1,13.6,,2.7,3.6,6.3,0.105,,0.4,1.8,2.3,3.1
352,Kenny Walker,PF,25,NYK,68,1595,12.7,0.581,0.013000000000000001,0.451,9.4,14.3,11.9,4.2,1.0,1.9,11.5,13.6,,2.5,1.5,4.0,0.121,,-0.9,-0.3,-1.2,0.3
353,Spud Webb,PG,26,ATL,82,2184,15.3,0.5379999999999999,0.031,0.302,2.0,8.8,5.3,29.9,2.4,0.3,16.8,16.1,,3.5,1.1,4.5,0.099,,0.7,-0.2,0.5,1.4
354,Chris Welp,C,26,TOT,27,198,6.3,0.451,0.0,0.41,10.3,15.6,13.1,6.1,1.4,2.2,17.2,17.8,,-0.2,0.2,0.0,0.006,,-7.2,-0.9,-8.1,-0.3
355,Bill Wennington,C,26,DAL,60,814,10.6,0.506,0.017,0.321,9.1,18.4,13.8,7.3,1.2,1.6,15.8,17.1,,0.2,1.1,1.2,0.073,,-4.0,0.2,-3.8,-0.4
356,Doug West,SG,22,MIN,52,378,7.5,0.45299999999999996,0.081,0.237,7.2,15.6,11.1,7.5,1.4,1.1,17.2,21.0,,-0.5,0.4,-0.1,-0.017,,-5.8,-1.2,-7.0,-0.5
357,Mark West,C,29,PHO,82,2399,15.7,0.6559999999999999,0.0,0.5429999999999999,10.4,22.2,16.6,2.5,0.7,4.3,16.1,13.5,,4.2,4.0,8.2,0.163,,0.0,1.4,1.4,2.0
358,Randy White,PF,22,DAL,55,707,7.4,0.40700000000000003,0.055999999999999994,0.353,12.7,15.0,13.9,4.3,1.7,0.5,13.9,21.0,,-1.0,0.8,-0.2,-0.012,,-6.1,-1.4,-7.5,-1.0
359,Mitchell Wiggins,SG,30,HOU,66,1852,16.3,0.535,0.004,0.278,7.7,8.6,8.2,8.6,2.2,0.0,8.3,22.9,,2.9,2.5,5.4,0.139,,0.2,-0.1,0.2,1.0
360,Morlon Wiley,PG,23,ORL,40,638,11.3,0.51,0.221,0.183,2.1,6.7,4.3,24.5,3.3,0.3,21.9,17.6,,-0.2,0.3,0.1,0.009000000000000001,,-2.5,0.1,-2.4,-0.1
361,Dominique Wilkins,SF,30,ATL,80,2888,24.6,0.556,0.109,0.34,8.4,12.4,10.4,11.8,2.2,1.0,8.3,30.4,,9.3,1.8,11.1,0.184,,6.5,-1.1,5.4,5.4
362,Eddie Lee Wilkins,C,27,NYK,79,972,9.9,0.495,0.006,0.474,13.4,16.8,15.1,2.3,0.9,1.1,16.3,19.2,,-0.1,0.9,0.8,0.04,,-4.3,-2.3,-6.6,-1.1
363,Gerald Wilkins,SG,26,NYK,82,2609,14.3,0.52,0.121,0.251,5.8,9.8,7.9,18.5,1.8,0.5,14.5,21.4,,2.3,2.1,4.4,0.08199999999999999,,0.3,-0.6,-0.3,1.1
364,Buck Williams,PF,29,POR,82,2801,14.3,0.597,0.001,0.541,9.6,21.6,15.5,5.5,1.2,0.8,15.3,15.5,,4.3,4.3,8.7,0.149,,0.1,0.6,0.7,1.9
365,Herb Williams,C,31,DAL,81,2199,10.4,0.47600000000000003,0.013999999999999999,0.239,4.0,16.0,10.1,7.9,1.2,3.0,12.6,16.8,,-0.6,2.8,2.2,0.048,,-3.1,1.1,-2.0,0.0
366,Hot Rod Williams,PF,27,CLE,82,2776,19.0,0.546,0.0,0.41100000000000003,8.8,18.1,13.4,9.8,1.6,3.6,10.2,21.9,,4.6,4.1,8.7,0.15,,1.0,1.1,2.1,2.9
367,John Williams,SF,23,WSB,18,632,17.6,0.526,0.066,0.307,4.6,18.8,11.6,18.9,1.6,0.8,12.1,22.9,,0.7,0.7,1.3,0.10099999999999999,,2.2,0.6,2.9,0.8
368,Micheal Williams,PG,23,TOT,28,329,17.9,0.56,0.025,0.387,3.9,7.3,5.5,38.3,3.3,0.2,19.2,22.2,,0.4,0.3,0.7,0.10300000000000001,,1.2,0.9,2.1,0.3
369,Mike Williams,PF-SF,26,TOT,21,102,3.5,0.363,0.055999999999999994,0.33299999999999996,5.6,19.9,12.8,2.6,1.5,4.1,12.7,10.0,,-0.1,0.1,0.0,0.012,,-9.1,1.7,-7.4,-0.1
370,Reggie Williams,SF,25,TOT,47,743,9.1,0.435,0.109,0.201,4.3,8.3,6.3,11.1,2.1,1.1,10.9,23.8,,-0.8,0.8,0.0,-0.002,,-4.9,-0.1,-5.0,-0.6
371,Kevin Willis,PF,27,ATL,81,2273,15.7,0.551,0.009000000000000001,0.306,12.5,20.4,16.4,3.7,1.4,1.3,13.6,19.5,,3.0,1.7,4.7,0.098,,0.0,-1.8,-1.7,0.1
372,David Wingate,SG,26,SAS,78,1856,9.4,0.488,0.026000000000000002,0.228,3.9,7.9,5.9,15.1,2.3,0.6,19.0,14.9,,-0.4,2.3,1.9,0.05,,-2.8,1.0,-1.7,0.1
373,Randy Wittman,SF,30,IND,61,544,6.9,0.522,0.016,0.049,0.9,5.3,3.2,9.7,0.6,0.4,15.6,11.8,,0.0,0.1,0.0,0.004,,-2.6,-1.6,-4.2,-0.3
374,Joe Wolf,C,25,LAC,77,1325,6.8,0.43700000000000006,0.064,0.18100000000000002,5.5,14.4,10.0,6.5,1.1,1.1,15.4,15.8,,-1.4,1.2,-0.2,-0.006,,-4.5,-0.8,-5.3,-1.1
375,Leon Wood,SG,27,NJN,28,200,10.9,0.446,0.429,0.327,0.5,6.3,3.2,32.6,1.5,0.0,12.5,12.9,,0.2,0.1,0.3,0.066,,-2.1,-1.4,-3.5,-0.1
376,Mike Woodson,SG,31,HOU,61,972,8.8,0.445,0.10099999999999999,0.212,2.8,6.7,4.8,9.5,2.1,0.7,10.0,20.5,,-0.6,1.2,0.7,0.032,,-4.2,0.1,-4.2,-0.5
377,Orlando Woolridge,SF,30,LAL,62,1421,17.6,0.601,0.009000000000000001,0.436,4.1,10.6,7.5,10.4,1.4,1.9,10.0,21.9,,3.3,1.5,4.8,0.161,,1.3,0.2,1.5,1.3
378,Haywoode Workman,PG,24,ATL,6,16,26.1,0.773,0.0,0.667,0.0,22.2,10.8,16.9,9.4,0.0,0.0,10.2,,0.1,0.0,0.1,0.35700000000000004,,-0.2,13.8,13.6,0.1
379,James Worthy,SF,28,LAL,80,2960,19.8,0.586,0.038,0.244,6.4,11.9,9.3,15.6,1.7,1.0,10.0,23.0,,7.5,3.1,10.6,0.172,,3.6,0.2,3.8,4.3
380,Danny Young,PG,27,POR,82,1393,11.5,0.508,0.18,0.341,2.2,7.4,4.8,20.7,2.8,0.2,17.5,12.9,,1.0,1.9,3.0,0.10300000000000001,,-1.2,2.1,0.9,1.0
381,Michael Young,SF,29,LAC,45,459,16.0,0.52,0.134,0.196,9.1,12.3,10.7,8.2,2.6,0.4,6.6,20.5,,0.6,0.5,1.1,0.11900000000000001,,0.4,0.0,0.4,0.3
